-- phpMyAdmin SQL Dump
-- version 5.2.0
-- https://www.phpmyadmin.net/
--
-- Host: 127.0.0.1
-- Generation Time: Dec 12, 2023 at 12:16 PM
-- Server version: 10.4.27-MariaDB
-- PHP Version: 8.2.0

SET SQL_MODE = "NO_AUTO_VALUE_ON_ZERO";
START TRANSACTION;
SET time_zone = "+00:00";


/*!40101 SET @OLD_CHARACTER_SET_CLIENT=@@CHARACTER_SET_CLIENT */;
/*!40101 SET @OLD_CHARACTER_SET_RESULTS=@@CHARACTER_SET_RESULTS */;
/*!40101 SET @OLD_COLLATION_CONNECTION=@@COLLATION_CONNECTION */;
/*!40101 SET NAMES utf8mb4 */;

--
-- Database: `toko_hewan_ceria`
--

-- --------------------------------------------------------

--
-- Table structure for table `customer`
--

CREATE TABLE `customer` (
  `id_customer` int(11) NOT NULL,
  `nama_customer` varchar(256) DEFAULT NULL,
  `alamat_customer` varchar(256) DEFAULT NULL,
  `email_customer` varchar(256) DEFAULT NULL
) ENGINE=InnoDB DEFAULT CHARSET=utf8mb4 COLLATE=utf8mb4_general_ci;

--
-- Dumping data for table `customer`
--

INSERT INTO `customer` (`id_customer`, `nama_customer`, `alamat_customer`, `email_customer`) VALUES
(1, 'Birk', '247 Heffernan Pass', 'bshoosmith0@exblog.jp'),
(2, 'Kirk', '67 Oxford Plaza', 'kmeaders1@themeforest.net'),
(3, 'Eugene', '9021 Birchwood Road', 'eblythin2@quantcast.com'),
(4, 'Anitra', '9 Algoma Center', 'aleverington3@blog.com'),
(5, 'Amity', '8480 Vidon Hill', 'amottley4@dot.gov'),
(6, 'Steward', '5751 Mariners Cove Way', 'sjentzsch5@stanford.edu'),
(7, 'Sidnee', '559 Northridge Lane', 'sfarnham6@usa.gov'),
(8, 'Willie', '97 Larry Avenue', 'wduck7@ovh.net'),
(9, 'Nichol', '37171 Bluestem Alley', 'nmackimmie8@omniture.com'),
(10, 'Bronnie', '42838 American Ash Place', 'bvynall9@slate.com'),
(11, 'Theresina', '00 Dakota Avenue', 'tdigbya@state.tx.us'),
(12, 'Patricio', '756 Morning Avenue', 'pciementinib@flavors.me'),
(13, 'Hillie', '423 Di Loreto Lane', 'hholburnc@addthis.com'),
(14, 'Corey', '91 Pearson Pass', 'cradenhurstd@dmoz.org'),
(15, 'Wendall', '794 Sutteridge Plaza', 'wdigiorgioe@theguardian.com'),
(16, 'Hamid', '8799 Lillian Way', 'hgrimsterf@360.cn'),
(17, 'Davine', '110 Almo Park', 'dgodsellg@odnoklassniki.ru'),
(18, 'Pat', '753 4th Hill', 'pmannersh@unblog.fr'),
(19, 'Isidro', '5605 Birchwood Place', 'iludfordi@icq.com'),
(20, 'Athena', '478 Bay Road', 'adelcastelloj@nasa.gov'),
(21, 'Sammy', '2245 Starling Crossing', 'slandesk@livejournal.com'),
(22, 'Wain', '8591 Schlimgen Parkway', 'wpelferl@state.gov'),
(23, 'Grace', '640 Ridge Oak Pass', 'gwilsherm@shinystat.com'),
(24, 'Louisette', '0836 Hovde Lane', 'lpipesn@irs.gov'),
(25, 'Jackie', '41 Birchwood Point', 'jgirodono@baidu.com'),
(26, 'Jenifer', '36 Fuller Pass', 'jbyrdp@ezinearticles.com'),
(27, 'Tasia', '46 Park Meadow Plaza', 'tcolombierq@ebay.co.uk'),
(28, 'Suzy', '9746 Kensington Road', 'scraigmiler@photobucket.com'),
(29, 'Essa', '26 Bultman Terrace', 'eloadmans@dailymotion.com'),
(30, 'Rosana', '92 Sullivan Parkway', 'rpiechat@prlog.org'),
(31, 'Chrystel', '27 Summer Ridge Trail', 'cassardu@youtube.com'),
(32, 'Tommy', '0 Loeprich Point', 'tbattrickv@webnode.com'),
(33, 'Tully', '43 Dawn Parkway', 'tcauserw@ca.gov'),
(34, 'Meta', '225 Lakewood Center', 'mcosslettx@shinystat.com'),
(35, 'Tessie', '56627 Lake View Lane', 'ttaschy@plala.or.jp'),
(36, 'Billi', '0908 Del Sol Junction', 'bweathersz@sbwire.com'),
(37, 'Georas', '061 Montana Terrace', 'gkos10@shop-pro.jp'),
(38, 'Reade', '9 Meadow Ridge Parkway', 'rpenbarthy11@soundcloud.com'),
(39, 'Farris', '9 Summit Street', 'fdrinkhill12@booking.com'),
(40, 'Salli', '9256 Veith Point', 'syeoland13@indiegogo.com'),
(41, 'Rosalinda', '0860 Dakota Hill', 'rgough14@alibaba.com'),
(42, 'Ronda', '40 Green Ridge Way', 'rklimowicz15@wiley.com'),
(43, 'Kincaid', '6 Troy Crossing', 'kmenguy16@kickstarter.com'),
(44, 'Mikkel', '3931 Heffernan Park', 'mdalbey17@qq.com'),
(45, 'Aurea', '50891 Northview Terrace', 'agroom18@reference.com'),
(46, 'Nathanil', '741 Shoshone Trail', 'ngeydon19@statcounter.com'),
(47, 'Jemmy', '244 Becker Park', 'jswyn1a@sina.com.cn'),
(48, 'Rina', '76 Green Ridge Way', 'rcausley1b@fema.gov'),
(49, 'Burgess', '592 Bowman Circle', 'bgillet1c@nih.gov'),
(50, 'Jayme', '232 Florence Way', 'jberthomier1d@bandcamp.com'),
(51, 'Koenraad', '96 Jenifer Center', 'kcreswell1e@sfgate.com'),
(52, 'Vina', '70 Blue Bill Park Drive', 'vtampen1f@hexun.com'),
(53, 'Amata', '305 Hooker Junction', 'abroseke1g@omniture.com'),
(54, 'Wynny', '079 Delladonna Drive', 'wtowey1h@yahoo.com'),
(55, 'Lalo', '3 Knutson Center', 'lpetofi1i@usgs.gov'),
(56, 'Gilligan', '67 Fulton Center', 'gbarley1j@umn.edu'),
(57, 'Case', '421 Fairview Park', 'cohanvey1k@stumbleupon.com'),
(58, 'Gaelan', '3840 Superior Place', 'gsprosson1l@webeden.co.uk'),
(59, 'Tildy', '4 Reinke Lane', 'tmaypole1m@cisco.com'),
(60, 'Frederica', '3 Saint Paul Place', 'fmcclymond1n@webmd.com'),
(61, 'Ly', '35741 Summerview Avenue', 'lbrambill1o@mashable.com'),
(62, 'Michale', '9860 Maywood Terrace', 'mraden1p@seattletimes.com'),
(63, 'Brier', '66584 Bultman Plaza', 'btarte1q@is.gd'),
(64, 'Lenora', '4 Montana Plaza', 'lchrisp1r@infoseek.co.jp'),
(65, 'Jeno', '52 Moland Junction', 'jsparey1s@spotify.com'),
(66, 'Claudina', '8170 Gina Way', 'cbenian1t@wiley.com'),
(67, 'Gery', '8305 Hovde Pass', 'ghancell1u@godaddy.com'),
(68, 'Amye', '824 Utah Avenue', 'adoerling1v@istockphoto.com'),
(69, 'Amalie', '099 Porter Center', 'abendin1w@angelfire.com'),
(70, 'Leslie', '0124 Canary Crossing', 'lmacpaike1x@t.co'),
(71, 'Laina', '2 Dawn Plaza', 'lmckinnon1y@blogger.com'),
(72, 'Anabal', '599 Sullivan Pass', 'aseccombe1z@skype.com'),
(73, 'Bryan', '60 Trailsway Drive', 'bluby20@cbc.ca'),
(74, 'Lowell', '5 Barnett Point', 'lmcelhargy21@jigsy.com'),
(75, 'Darcy', '57599 Oak Valley Way', 'dcorbitt22@networkadvertising.org'),
(76, 'Tom', '4 Corry Avenue', 'tdanielski23@aboutads.info'),
(77, 'Raynard', '0305 Jenna Drive', 'rfluck24@netlog.com'),
(78, 'Sterling', '3424 Buhler Drive', 'sstile25@arizona.edu'),
(79, 'Dare', '955 Express Junction', 'djellybrand26@smh.com.au'),
(80, 'Aylmer', '1810 Westerfield Park', 'astorck27@hibu.com'),
(81, 'Wallace', '7 Red Cloud Avenue', 'wbucktharp28@ebay.com'),
(82, 'Taddeusz', '6241 7th Center', 'tvandervlies29@webmd.com'),
(83, 'Gabbie', '87 Towne Junction', 'gdaugherty2a@deliciousdays.com'),
(84, 'Vachel', '78650 Moland Street', 'vkilfoyle2b@blogs.com'),
(85, 'Braden', '8887 Farmco Park', 'bohanvey2c@ocn.ne.jp'),
(86, 'Omar', '66 Golf Course Way', 'oaynsley2d@amazon.co.jp'),
(87, 'Merissa', '4644 Ohio Road', 'mpassey2e@google.it'),
(88, 'Glyn', '8172 Sundown Trail', 'gchoupin2f@usnews.com'),
(89, 'Fonzie', '569 Waxwing Parkway', 'fmatic2g@google.com'),
(90, 'Aylmar', '06091 Redwing Point', 'adowning2h@feedburner.com'),
(91, 'Abrahan', '1 Debs Plaza', 'abanker2i@columbia.edu'),
(92, 'Joane', '6521 Lindbergh Avenue', 'jsawtell2j@harvard.edu'),
(93, 'Gavan', '81805 Arkansas Center', 'ghaken2k@theguardian.com'),
(94, 'Pippo', '2057 Eastwood Terrace', 'pnutley2l@blogspot.com'),
(95, 'Eustacia', '77186 Mallory Place', 'ebohler2m@mapy.cz'),
(96, 'Pyotr', '68550 Veith Road', 'ptarplee2n@globo.com'),
(97, 'Arv', '819 Bartillon Center', 'aceccoli2o@bigcartel.com'),
(98, 'Yuri', '2 Hudson Alley', 'ylongstaffe2p@cornell.edu'),
(99, 'Siobhan', '82374 Melby Way', 'sdecullip2q@infoseek.co.jp'),
(100, 'Doria', '8956 Manufacturers Crossing', 'drydeard2r@nytimes.com'),
(101, 'Aloisia', '32 Birchwood Hill', 'ajeffcock2s@mlb.com'),
(102, 'Dar', '4658 Saint Paul Center', 'dciccerale2t@tripod.com'),
(103, 'Tilda', '12 Glacier Hill Hill', 'tseadon2u@yellowbook.com'),
(104, 'Danit', '17 Huxley Circle', 'dskeleton2v@storify.com'),
(105, 'Francklin', '0742 Mockingbird Trail', 'fgenese2w@buzzfeed.com'),
(106, 'Sharity', '04 Novick Parkway', 'sgilbody2x@t-online.de'),
(107, 'Alisander', '3445 Northport Drive', 'adelia2y@about.me'),
(108, 'Raquela', '7453 Sachtjen Trail', 'rpendlebury2z@dagondesign.com'),
(109, 'Effie', '87858 Banding Circle', 'esparham30@joomla.org'),
(110, 'Cece', '5606 Sommers Terrace', 'cropkes31@nifty.com'),
(111, 'Abagael', '30 Sloan Drive', 'amerrett32@forbes.com'),
(112, 'Si', '599 Talisman Alley', 'sburlingame33@clickbank.net'),
(113, 'Elsbeth', '78 Merry Junction', 'ebusswell34@taobao.com'),
(114, 'Rea', '49756 Johnson Lane', 'rcrose35@mayoclinic.com'),
(115, 'Hunt', '60882 Stephen Crossing', 'hfolder36@photobucket.com'),
(116, 'Genevra', '35002 Emmet Avenue', 'gdelamaine37@bbc.co.uk'),
(117, 'Philippine', '0208 Burning Wood Junction', 'plewsie38@nba.com'),
(118, 'Bartram', '35 Lunder Hill', 'brudloff39@globo.com'),
(119, 'Malva', '5 Judy Crossing', 'mgrangier3a@sciencedirect.com'),
(120, 'Allie', '924 Graceland Park', 'apartner3b@mail.ru'),
(121, 'Nita', '27879 Paget Drive', 'npidgen3c@tinypic.com'),
(122, 'Tiler', '02 Graceland Crossing', 'tdickinson3d@who.int'),
(123, 'Rutherford', '05 Nova Center', 'rbryant3e@hibu.com'),
(124, 'Hussein', '49 Village Green Road', 'hsturney3f@thetimes.co.uk'),
(125, 'Siusan', '4953 7th Court', 'sochterlony3g@google.co.jp'),
(126, 'Katrinka', '20 Victoria Hill', 'kyeoland3h@ed.gov'),
(127, 'Norton', '665 Cascade Way', 'naiston3i@wp.com'),
(128, 'Eunice', '7956 Meadow Valley Trail', 'eblaasch3j@chronoengine.com'),
(129, 'Idell', '1 Hermina Circle', 'ifligg3k@networksolutions.com'),
(130, 'Maighdiln', '2056 Namekagon Point', 'mcoltman3l@fema.gov'),
(131, 'Keven', '46 Scoville Avenue', 'kkeller3m@topsy.com'),
(132, 'Liana', '60 Annamark Alley', 'ljanney3n@yale.edu'),
(133, 'Jerry', '52 Nova Drive', 'jossulton3o@prnewswire.com'),
(134, 'Erda', '710 Rockefeller Parkway', 'edenson3p@tripod.com'),
(135, 'Tori', '54 Cambridge Drive', 'tfarmloe3q@sogou.com'),
(136, 'Darleen', '55 Calypso Road', 'dbeecroft3r@odnoklassniki.ru'),
(137, 'Greta', '91638 Everett Drive', 'gwildman3s@barnesandnoble.com'),
(138, 'Federico', '69 Hermina Pass', 'fmcdool3t@cdbaby.com'),
(139, 'Desiri', '4 Menomonie Park', 'dyakobowitch3u@reuters.com'),
(140, 'Elysia', '9 Pearson Circle', 'eattle3v@arstechnica.com'),
(141, 'Ezequiel', '48143 Crownhardt Crossing', 'epowton3w@instagram.com'),
(142, 'Perri', '344 Buhler Lane', 'pansett3x@gov.uk'),
(143, 'Eveleen', '320 Glacier Hill Drive', 'egilling3y@pagesperso-orange.fr'),
(144, 'Mellisa', '38158 Lake View Pass', 'mbaston3z@unesco.org'),
(145, 'Dani', '38814 Leroy Center', 'dsapsed40@rediff.com'),
(146, 'Glen', '3 Ryan Street', 'gjouhandeau41@google.pl'),
(147, 'Niels', '47026 3rd Point', 'ngornar42@sohu.com'),
(148, 'Worth', '17 Elmside Junction', 'wsyversen43@utexas.edu'),
(149, 'Stephanie', '8 Katie Road', 'schevers44@nbcnews.com'),
(150, 'Nathanael', '655 Dunning Terrace', 'nhebner45@shareasale.com'),
(151, 'Humphrey', '4 Duke Pass', 'hfollacaro46@shutterfly.com'),
(152, 'Cully', '38 Pond Trail', 'cgiblett47@globo.com'),
(153, 'Modestia', '76 Alpine Way', 'mrentilll48@ox.ac.uk'),
(154, 'Hilly', '26 Harper Terrace', 'hsambiedge49@nasa.gov'),
(155, 'Juanita', '71 Summer Ridge Plaza', 'jtowler4a@mozilla.org'),
(156, 'Nady', '58 Fairfield Drive', 'nderham4b@parallels.com'),
(157, 'April', '9 Goodland Plaza', 'agary4c@un.org'),
(158, 'Georas', '5 Orin Street', 'gduckhouse4d@stanford.edu'),
(159, 'Pammie', '98514 Hansons Crossing', 'pcawthra4e@ted.com'),
(160, 'Tuck', '2 Lakewood Gardens Parkway', 'tdansey4f@comsenz.com'),
(161, 'Lorry', '654 Buell Terrace', 'lcoxwell4g@indiatimes.com'),
(162, 'Raimund', '753 Jenna Plaza', 'rhughland4h@storify.com'),
(163, 'Ros', '9 Hoepker Parkway', 'rpinnion4i@virginia.edu'),
(164, 'Phillipe', '91 Monument Circle', 'plockney4j@ibm.com'),
(165, 'Fin', '08 Sommers Parkway', 'fcleever4k@wufoo.com'),
(166, 'Mattias', '3 Acker Point', 'mkilty4l@addtoany.com'),
(167, 'Althea', '6375 Jana Terrace', 'aescalera4m@angelfire.com'),
(168, 'Rozanna', '40 Onsgard Plaza', 'rgumbley4n@discovery.com'),
(169, 'Meta', '2888 Maryland Junction', 'miskov4o@blinklist.com'),
(170, 'Joelie', '49138 Mcguire Crossing', 'jasplin4p@comcast.net'),
(171, 'Nellie', '8316 Lien Alley', 'nmacdearmont4q@pbs.org'),
(172, 'Liza', '3032 Dakota Plaza', 'lfilippov4r@ustream.tv'),
(173, 'Ollie', '636 Monument Trail', 'ocarmody4s@abc.net.au'),
(174, 'Stanleigh', '2356 Garrison Circle', 'sbaigrie4t@angelfire.com'),
(175, 'Prent', '92354 Transport Street', 'predhole4u@shinystat.com'),
(176, 'Bud', '76649 Graedel Point', 'briping4v@youku.com'),
(177, 'Siana', '0 Montana Drive', 'ssamwell4w@xinhuanet.com'),
(178, 'Tedman', '56647 Carpenter Trail', 'tgerram4x@google.com'),
(179, 'Floris', '94353 Eliot Plaza', 'fmughal4y@ihg.com'),
(180, 'Meggie', '0 Clove Way', 'mrecords4z@cocolog-nifty.com'),
(181, 'Simone', '74 Rieder Junction', 'ssturge50@bigcartel.com'),
(182, 'Caz', '78077 Vernon Trail', 'criccelli51@slideshare.net'),
(183, 'Daisy', '0820 Briar Crest Pass', 'dlatimer52@time.com'),
(184, 'Chev', '330 Lien Pass', 'chaugeh53@nsw.gov.au'),
(185, 'Claudelle', '0406 Clove Street', 'cshellum54@123-reg.co.uk'),
(186, 'Sylvia', '5 Dunning Hill', 'sjacobssen55@ezinearticles.com'),
(187, 'Elyssa', '1040 Fremont Way', 'epellington56@jalbum.net'),
(188, 'Marcy', '72355 Fordem Lane', 'msowten57@miibeian.gov.cn'),
(189, 'Jennette', '3 Kipling Center', 'jscarf58@bravesites.com'),
(190, 'Malinde', '58701 Colorado Place', 'mspenclay59@google.com.br'),
(191, 'Jolie', '9012 Thompson Lane', 'jwitz5a@photobucket.com'),
(192, 'Merry', '50640 Maple Wood Parkway', 'mmacinerney5b@statcounter.com'),
(193, 'Essa', '974 Bunker Hill Parkway', 'ewildman5c@bbc.co.uk'),
(194, 'Nicky', '24 Banding Place', 'noatley5d@time.com'),
(195, 'Kai', '933 Blaine Crossing', 'kmosey5e@youku.com'),
(196, 'Vidovik', '8635 Golf Course Hill', 'vjovic5f@surveymonkey.com'),
(197, 'Cullan', '2935 Dahle Park', 'ccurran5g@naver.com'),
(198, 'Kimberlee', '73 Gale Avenue', 'kzupo5h@simplemachines.org'),
(199, 'Eldredge', '0723 Susan Avenue', 'eocullen5i@alexa.com'),
(200, 'Prudi', '76 High Crossing Crossing', 'psuerz5j@xinhuanet.com'),
(201, 'Ferguson', '21 Spohn Alley', 'fdevennie5k@fotki.com'),
(202, 'Neille', '8804 Esch Plaza', 'nmcmurdo5l@goo.gl'),
(203, 'Cindi', '5941 Northland Pass', 'croylance5m@cloudflare.com'),
(204, 'Casey', '53149 Homewood Center', 'cwilloughley5n@mapy.cz'),
(205, 'Alexandrina', '5658 Blue Bill Park Crossing', 'anannetti5o@cdc.gov'),
(206, 'Corbet', '53311 Stuart Terrace', 'carnholtz5p@phoca.cz'),
(207, 'Boony', '38141 Sundown Place', 'bpavek5q@psu.edu'),
(208, 'Waldon', '9 Oak Parkway', 'wbrierton5r@yahoo.com'),
(209, 'Murry', '001 Tomscot Park', 'mmanford5s@yandex.ru'),
(210, 'Thorin', '34790 Brown Lane', 'tbasnett5t@time.com'),
(211, 'Kassandra', '8 Veith Plaza', 'kmargram5u@discuz.net'),
(212, 'Keary', '988 3rd Way', 'kgrange5v@fda.gov'),
(213, 'Zachary', '07 Coleman Terrace', 'zguinane5w@nasa.gov'),
(214, 'Fax', '0 Stang Alley', 'fmaruska5x@nbcnews.com'),
(215, 'Hermina', '27172 Melby Circle', 'hmalter5y@vinaora.com'),
(216, 'Junia', '1 Bunting Center', 'jbrumpton5z@123-reg.co.uk'),
(217, 'Mozes', '6068 Gina Crossing', 'mplaskett60@nationalgeographic.com'),
(218, 'Jaclin', '86 Badeau Junction', 'jivanyutin61@livejournal.com'),
(219, 'Janeczka', '74 Debs Junction', 'jgregr62@cdbaby.com'),
(220, 'Gav', '4 Lien Pass', 'geggleston63@yahoo.com'),
(221, 'Arabel', '440 Kings Street', 'alepruvost64@yolasite.com'),
(222, 'Ardene', '8 Autumn Leaf Way', 'alowden65@so-net.ne.jp'),
(223, 'Constance', '02996 Ramsey Center', 'cstivani66@phoca.cz'),
(224, 'Davida', '00 Brentwood Street', 'driditch67@baidu.com'),
(225, 'Erwin', '53084 Golf Course Pass', 'ebillie68@mashable.com'),
(226, 'Cosetta', '744 Cottonwood Road', 'cbottrell69@liveinternet.ru'),
(227, 'Gary', '82 Stephen Court', 'ggoretti6a@163.com'),
(228, 'Querida', '2 Arkansas Lane', 'qwitul6b@cnn.com'),
(229, 'Blake', '8354 Carpenter Place', 'bmustoe6c@stumbleupon.com'),
(230, 'Lorenzo', '88857 Aberg Court', 'lcarsberg6d@youtube.com'),
(231, 'Kiel', '53 Sullivan Plaza', 'kburnsall6e@alexa.com'),
(232, 'Florri', '1246 Clarendon Parkway', 'fbrambell6f@seattletimes.com'),
(233, 'Rana', '1819 Elka Way', 'rcollister6g@bloglines.com'),
(234, 'Lyssa', '40527 Valley Edge Center', 'lveighey6h@cnbc.com'),
(235, 'Tera', '7 Karstens Court', 'tmaceur6i@plala.or.jp'),
(236, 'Tymon', '3254 Dapin Center', 'tscrowby6j@over-blog.com'),
(237, 'Glyn', '743 John Wall Street', 'ggarroway6k@nih.gov'),
(238, 'Fletch', '37209 Northridge Junction', 'frey6l@miibeian.gov.cn'),
(239, 'Antonius', '31 Susan Drive', 'agirardeau6m@webnode.com'),
(240, 'Moreen', '069 Erie Place', 'mpowys6n@cdbaby.com'),
(241, 'Gusta', '7 Esker Crossing', 'gbour6o@w3.org'),
(242, 'Delphine', '45185 Main Point', 'dduckinfield6p@ovh.net'),
(243, 'Nannie', '420 Forest Crossing', 'nkubacki6q@ehow.com'),
(244, 'Elsie', '2 School Circle', 'espuner6r@biblegateway.com'),
(245, 'Hogan', '7 Steensland Pass', 'halberts6s@shareasale.com'),
(246, 'Raff', '847 Steensland Street', 'rmilthorpe6t@craigslist.org'),
(247, 'Ellery', '8988 Sutteridge Center', 'epraton6u@gov.uk'),
(248, 'Dayna', '9652 Dovetail Hill', 'dverey6v@wp.com'),
(249, 'Onfroi', '9 Jackson Crossing', 'odenziloe6w@patch.com'),
(250, 'Liesa', '58203 Cordelia Avenue', 'lbuttfield6x@gravatar.com'),
(251, 'Susie', '3298 American Ash Crossing', 'sshoebrook6y@home.pl'),
(252, 'Agretha', '91 Saint Paul Court', 'agunthorpe6z@mit.edu'),
(253, 'Allegra', '148 Birchwood Hill', 'amuge70@ca.gov'),
(254, 'Henrietta', '74 Duke Court', 'hwenden71@sohu.com'),
(255, 'Rockie', '87 Carioca Hill', 'rottawell72@oracle.com'),
(256, 'Patrice', '453 Goodland Circle', 'prenshaw73@prnewswire.com'),
(257, 'Brnaby', '96039 Monica Pass', 'bboggon74@youku.com'),
(258, 'Alida', '853 Roth Crossing', 'amacbrearty75@a8.net'),
(259, 'Rheba', '802 Autumn Leaf Terrace', 'ragent76@cdc.gov'),
(260, 'Nanete', '4000 Barby Trail', 'ncongreave77@nba.com'),
(261, 'Cyrus', '8 Moose Road', 'cfishbourne78@toplist.cz'),
(262, 'Aundrea', '74 Lunder Court', 'akearley79@washington.edu'),
(263, 'Gabie', '7 Sullivan Trail', 'gchatres7a@ning.com'),
(264, 'Annemarie', '0 Paget Road', 'apilling7b@bloglovin.com'),
(265, 'Laureen', '22380 Columbus Terrace', 'lenevold7c@buzzfeed.com'),
(266, 'Marjory', '6 Shasta Drive', 'mrizzardo7d@pbs.org'),
(267, 'Jeromy', '2 Darwin Pass', 'jmelhuish7e@bizjournals.com'),
(268, 'Nadya', '687 Crownhardt Alley', 'nkenford7f@g.co'),
(269, 'Garwin', '9801 Butternut Avenue', 'gsparshott7g@dagondesign.com'),
(270, 'Val', '378 Sheridan Lane', 'vlindermann7h@mayoclinic.com'),
(271, 'Alphonse', '84600 Bayside Alley', 'atoth7i@amazon.de'),
(272, 'Dionisio', '8576 Tomscot Crossing', 'dsaurin7j@baidu.com'),
(273, 'Giselle', '28083 Holy Cross Center', 'glandells7k@berkeley.edu'),
(274, 'Eldon', '39129 Summit Road', 'efattori7l@rakuten.co.jp'),
(275, 'Rafaello', '04 Johnson Alley', 'rgoadbie7m@cloudflare.com'),
(276, 'Serge', '0763 Ronald Regan Place', 'srutter7n@reddit.com'),
(277, 'Heriberto', '0519 Hallows Junction', 'hboggers7o@pinterest.com'),
(278, 'Justinian', '099 Aberg Street', 'jjimes7p@fda.gov'),
(279, 'Lynnell', '4745 Del Mar Alley', 'lkayne7q@hibu.com'),
(280, 'Maddalena', '2991 Manley Alley', 'mjory7r@artisteer.com'),
(281, 'Rasia', '72 Melby Crossing', 'rperulli7s@naver.com'),
(282, 'Hakim', '5 Manufacturers Lane', 'hpyott7t@gravatar.com'),
(283, 'Sheridan', '7578 Ruskin Point', 'syarrington7u@indiatimes.com'),
(284, 'Elora', '9513 Mcbride Center', 'ehayto7v@state.gov'),
(285, 'Hayward', '09053 Gale Point', 'hweiss7w@nsw.gov.au'),
(286, 'Florian', '9717 Oak Valley Alley', 'fbrychan7x@biblegateway.com'),
(287, 'Mahmoud', '1 Debra Plaza', 'mgrigoletti7y@nydailynews.com'),
(288, 'Emelyne', '1 Burrows Park', 'ehercock7z@comsenz.com'),
(289, 'Lura', '57 Vidon Terrace', 'lwipper80@wikia.com'),
(290, 'Haley', '06 Westridge Road', 'hpaull81@clickbank.net'),
(291, 'Doralynne', '7030 Dorton Point', 'dwestnedge82@home.pl'),
(292, 'Minnie', '6 Jenna Pass', 'mkeri83@statcounter.com'),
(293, 'Pall', '368 Debra Street', 'pcapini84@xing.com'),
(294, 'Sal', '2 Bonner Crossing', 'shansana85@myspace.com'),
(295, 'Min', '5034 Clemons Road', 'mhaggar86@wikia.com'),
(296, 'Heindrick', '1 Scoville Avenue', 'hmaciejak87@tmall.com'),
(297, 'Torrey', '44360 7th Park', 'tbrowett88@omniture.com'),
(298, 'Sebastian', '800 Golf View Crossing', 'sdebeneditti89@biblegateway.com'),
(299, 'Garnet', '7741 Tennessee Court', 'gdewes8a@barnesandnoble.com'),
(300, 'Bradly', '03162 Brickson Park Parkway', 'bhetterich8b@clickbank.net'),
(301, 'Pauly', '6588 Surrey Drive', 'palbasini8c@mapquest.com'),
(302, 'Mead', '98 Del Sol Lane', 'mbonnefin8d@rambler.ru'),
(303, 'Chrissy', '054 Mosinee Point', 'chussey8e@unblog.fr'),
(304, 'Jacobo', '90727 Elmside Center', 'jtrotman8f@com.com'),
(305, 'Vera', '285 Lukken Terrace', 'vmerigeau8g@webnode.com'),
(306, 'Frieda', '0387 Cardinal Point', 'fvallerine8h@addtoany.com'),
(307, 'Shannon', '819 Sage Alley', 'sgillinghams8i@symantec.com'),
(308, 'Issiah', '11 Harbort Road', 'igeorgescu8j@addthis.com'),
(309, 'Lilla', '1 Beilfuss Road', 'lvaissiere8k@shinystat.com'),
(310, 'Claudia', '796 Thackeray Pass', 'classeter8l@buzzfeed.com'),
(311, 'Franky', '306 Crownhardt Terrace', 'fjunkinson8m@hhs.gov'),
(312, 'Maddy', '1 Steensland Junction', 'mcraythorne8n@google.co.uk'),
(313, 'Ariella', '89342 Nelson Road', 'achatelain8o@ted.com'),
(314, 'Eadith', '01 Luster Street', 'estrelitzki8p@businesswire.com'),
(315, 'Nicol', '71 Memorial Center', 'nmothersdale8q@va.gov'),
(316, 'Darrelle', '94 Arapahoe Court', 'dkneafsey8r@msn.com'),
(317, 'Delilah', '1135 Westridge Avenue', 'dneagle8s@wired.com'),
(318, 'Farah', '86 Fremont Lane', 'fmoulton8t@bbc.co.uk'),
(319, 'Giselle', '91499 Del Sol Circle', 'garlett8u@bluehost.com'),
(320, 'Aylmar', '609 Clemons Avenue', 'asandells8v@cyberchimps.com'),
(321, 'Lolly', '1 Armistice Way', 'lsample8w@bloglovin.com'),
(322, 'Dedie', '5 Butternut Pass', 'dguerreru8x@about.com'),
(323, 'Isabeau', '399 Canary Junction', 'idubbin8y@hubpages.com'),
(324, 'Drusi', '0594 Stone Corner Way', 'dgreetland8z@economist.com'),
(325, 'Celka', '13 Dottie Place', 'cgrouen90@nyu.edu'),
(326, 'Aeriela', '479 Mitchell Place', 'adineen91@booking.com'),
(327, 'Steffane', '51 Wayridge Point', 'smeth92@dailymail.co.uk'),
(328, 'Northrup', '9 Elka Pass', 'nbrown93@gnu.org'),
(329, 'Vera', '8 Cody Crossing', 'vwhiterod94@hud.gov'),
(330, 'Avrom', '96 Kingsford Hill', 'aselvey95@google.co.jp'),
(331, 'Korry', '381 Mariners Cove Plaza', 'kcheavin96@timesonline.co.uk'),
(332, 'Jules', '017 Northport Drive', 'jwhatford97@paypal.com'),
(333, 'Shepard', '4928 Almo Road', 'shonig98@squidoo.com'),
(334, 'Reta', '36597 School Circle', 'rbeechcraft99@stanford.edu'),
(335, 'Cicily', '722 Holmberg Center', 'coldmeadow9a@feedburner.com'),
(336, 'Dew', '91705 Southridge Avenue', 'ddulanty9b@people.com.cn'),
(337, 'Sidoney', '1 Eastlawn Lane', 'sluckham9c@nydailynews.com'),
(338, 'Willow', '11 Haas Place', 'wollenbuttel9d@tripadvisor.com'),
(339, 'Marleen', '0749 Roxbury Court', 'mdeverille9e@bloglovin.com'),
(340, 'Ive', '4652 Maple Wood Hill', 'ipemberton9f@opensource.org'),
(341, 'Pepillo', '858 Sunfield Road', 'pfollet9g@amazon.de'),
(342, 'Eziechiele', '2 Jenna Point', 'efyldes9h@linkedin.com'),
(343, 'Germaine', '98885 Holmberg Road', 'gwaplington9i@elpais.com'),
(344, 'Pincas', '2276 Garrison Crossing', 'ptwelvetrees9j@eventbrite.com'),
(345, 'Rosalynd', '139 Vidon Way', 'rcampbelldunlop9k@bing.com'),
(346, 'Damon', '62880 Evergreen Avenue', 'dcommander9l@hatena.ne.jp'),
(347, 'Matias', '87 Reindahl Road', 'mphillps9m@bloomberg.com'),
(348, 'Burton', '1582 Mockingbird Park', 'bnafziger9n@ifeng.com'),
(349, 'Lukas', '079 Truax Junction', 'laymer9o@who.int'),
(350, 'Alix', '93004 Nova Way', 'adavern9p@1688.com'),
(351, 'Wilmer', '4 Duke Center', 'wchallicum9q@i2i.jp'),
(352, 'Randene', '9570 Mandrake Park', 'rlardier9r@gov.uk'),
(353, 'Lissi', '32883 Harper Drive', 'lgudgin9s@oaic.gov.au'),
(354, 'Erminia', '70 Coolidge Junction', 'egolling9t@fastcompany.com'),
(355, 'Johnna', '3 Bay Avenue', 'jperigo9u@samsung.com'),
(356, 'Cristy', '11471 Morning Terrace', 'cangell9v@free.fr'),
(357, 'Tamiko', '07584 Dottie Way', 'ttebbs9w@ocn.ne.jp'),
(358, 'Isabel', '3 Jackson Place', 'icaizley9x@amazon.co.uk'),
(359, 'Sisile', '191 Scoville Street', 'sagett9y@hibu.com'),
(360, 'Earl', '23 Riverside Street', 'evaleri9z@pbs.org'),
(361, 'Bobina', '4 Dottie Hill', 'bsissona0@bloomberg.com'),
(362, 'Aida', '842 Fallview Drive', 'aohallihanea1@ox.ac.uk'),
(363, 'Gisela', '9421 Rutledge Place', 'gbeaversa2@t.co'),
(364, 'Aldis', '55285 Dexter Trail', 'abriancea3@weather.com'),
(365, 'Jase', '2 Kings Drive', 'jnylesa4@umich.edu'),
(366, 'Germain', '9571 Arizona Trail', 'gcrannaa5@disqus.com'),
(367, 'Bebe', '30072 Pine View Drive', 'bprahla6@indiegogo.com'),
(368, 'Phineas', '4686 Towne Street', 'pratnegea7@dion.ne.jp'),
(369, 'Dottie', '853 Forest Dale Point', 'ddykinsa8@blogspot.com'),
(370, 'Gaye', '9 Quincy Pass', 'gchadbanda9@over-blog.com'),
(371, 'Kirsten', '485 Fordem Way', 'khucksteraa@ted.com'),
(372, 'Carlynne', '41 Arizona Park', 'cklammanab@ucla.edu'),
(373, 'Bernie', '7 Kinsman Trail', 'bsquibbsac@cam.ac.uk'),
(374, 'Leonidas', '6924 High Crossing Terrace', 'ltimoneyad@comcast.net'),
(375, 'Dorothee', '85 Graedel Court', 'dnyssenae@ibm.com'),
(376, 'Brana', '61 Surrey Court', 'bcroixaf@drupal.org'),
(377, 'Aundrea', '322 Bunting Lane', 'acardnellag@newyorker.com'),
(378, 'Fran', '254 Buell Avenue', 'fwimsah@slideshare.net'),
(379, 'Dav', '36 Clyde Gallagher Center', 'dzanettiniai@jigsy.com'),
(380, 'Devinne', '253 Pawling Trail', 'dhayleaj@freewebs.com'),
(381, 'Myrtice', '4 Manitowish Plaza', 'momrodak@google.com.au'),
(382, 'Nessy', '6 Warner Plaza', 'nhupeal@who.int'),
(383, 'Nedda', '1 Hanover Plaza', 'nbohlingam@prweb.com'),
(384, 'Parker', '21 Porter Street', 'plutenan@ask.com'),
(385, 'Demetre', '7694 Banding Circle', 'dindruchao@cnbc.com'),
(386, 'Englebert', '27513 Brown Terrace', 'ehaccletonap@xrea.com'),
(387, 'Evie', '43 Columbus Circle', 'enutteraq@sciencedirect.com'),
(388, 'Mahalia', '83200 Roxbury Center', 'mferruzziar@freewebs.com'),
(389, 'Toddy', '21584 Michigan Park', 'tflemmingas@mail.ru'),
(390, 'Evered', '35233 Toban Junction', 'elightowlerat@shutterfly.com'),
(391, 'Donalt', '536 Schlimgen Alley', 'dfairhamau@microsoft.com'),
(392, 'Jaine', '5504 Hanover Place', 'jcloptonav@reverbnation.com'),
(393, 'Gabrila', '427 Messerschmidt Street', 'glarneraw@youtu.be'),
(394, 'Hodge', '13761 Canary Trail', 'hlumoxax@youtube.com'),
(395, 'Barb', '839 Texas Court', 'bdunmoreay@alexa.com'),
(396, 'Noella', '695 Vidon Center', 'ndessonaz@skyrock.com'),
(397, 'Basilio', '021 Lakewood Gardens Hill', 'bolivieb0@edublogs.org'),
(398, 'Clarance', '07 Di Loreto Pass', 'cblackborowb1@oaic.gov.au'),
(399, 'Torry', '4 Sheridan Crossing', 'tpardalb2@mozilla.org'),
(400, 'Gae', '2 Almo Crossing', 'gbaughb3@usda.gov'),
(401, 'Kin', '0697 Wayridge Drive', 'kpudsallb4@networksolutions.com'),
(402, 'Lanie', '57 Sugar Alley', 'llisamoreb5@bluehost.com'),
(403, 'Travis', '8 Buell Trail', 'tfayerb6@indiegogo.com'),
(404, 'Leelah', '5 Kensington Terrace', 'ltomesb7@yelp.com'),
(405, 'Ariadne', '7371 Buena Vista Road', 'amoiseyb8@nydailynews.com'),
(406, 'Ajay', '6961 Waxwing Alley', 'anuemannb9@technorati.com'),
(407, 'Kara-lynn', '05 Scott Drive', 'kdengeba@examiner.com'),
(408, 'Loraine', '33150 Carey Park', 'laiskovitchbb@cnet.com'),
(409, 'Vivianne', '312 Kennedy Street', 'vthurleybc@usnews.com'),
(410, 'Antonetta', '84 Clyde Gallagher Avenue', 'agallonebd@ox.ac.uk'),
(411, 'Estele', '2 Aberg Trail', 'elopezbe@sciencedaily.com'),
(412, 'Casper', '73314 Nova Trail', 'cdominecbf@about.com'),
(413, 'Henrie', '864 Sutteridge Crossing', 'holoughnanbg@hud.gov'),
(414, 'Shelby', '64233 Moland Pass', 'slubertobh@yolasite.com'),
(415, 'Free', '18 Norway Maple Pass', 'fblackleybi@kickstarter.com'),
(416, 'Wanda', '9 Milwaukee Circle', 'wantonnikovbj@about.me'),
(417, 'Rawley', '0 Anzinger Junction', 'rhanrettybk@indiegogo.com'),
(418, 'Zachery', '7 Mallory Parkway', 'zsileybl@opera.com'),
(419, 'Lana', '9 Eastwood Drive', 'lhellwingbm@irs.gov'),
(420, 'Eadie', '57 Arrowood Street', 'ewestcarbn@nih.gov'),
(421, 'Obediah', '2 Welch Street', 'oinnotbo@parallels.com'),
(422, 'Ardith', '4 Macpherson Park', 'aliebermannbp@reddit.com'),
(423, 'Hanan', '894 Upham Point', 'hsamwaysbq@quantcast.com'),
(424, 'Dwain', '00329 Dorton Point', 'dpeacheybr@exblog.jp'),
(425, 'Meriel', '1 Parkside Alley', 'mpaulackbs@answers.com'),
(426, 'Marcello', '696 Doe Crossing Point', 'mspadollinibt@cnet.com'),
(427, 'Yvonne', '1 Toban Hill', 'yvorleybu@trellian.com'),
(428, 'Marleen', '04854 Charing Cross Street', 'mtotterdillbv@canalblog.com'),
(429, 'Sibilla', '62 Hazelcrest Place', 'srasperbw@purevolume.com'),
(430, 'Marty', '216 Warrior Lane', 'mlenormandbx@wp.com'),
(431, 'Chaunce', '7087 Sunbrook Crossing', 'cwoollardby@surveymonkey.com'),
(432, 'Freida', '6547 Hoffman Terrace', 'fjeenesbz@cnn.com'),
(433, 'Alexina', '4633 Saint Paul Junction', 'aeadmeadsc0@princeton.edu'),
(434, 'Grazia', '87 School Pass', 'gbirdseyc1@moonfruit.com'),
(435, 'Frederico', '201 Melody Drive', 'fcatonnec2@printfriendly.com'),
(436, 'Dennison', '1 Scott Pass', 'dduforec3@goodreads.com'),
(437, 'Alexi', '85 Del Sol Junction', 'akowalc4@dailymail.co.uk'),
(438, 'Vere', '951 Arizona Junction', 'vkelleyc5@mediafire.com'),
(439, 'Greta', '10 Sachtjen Lane', 'gsaxelbyc6@independent.co.uk'),
(440, 'Harrie', '0097 Old Gate Plaza', 'hbollomc7@gnu.org'),
(441, 'Gale', '255 Maple Street', 'gdanielotc8@nba.com'),
(442, 'Martie', '26129 Victoria Court', 'mplinckc9@gravatar.com'),
(443, 'Kippie', '95394 Vera Trail', 'kabelovca@issuu.com'),
(444, 'Xerxes', '2 Kensington Point', 'xottewillcb@youtu.be'),
(445, 'Timofei', '81 Mcguire Trail', 'tdiceycc@army.mil'),
(446, 'Jacintha', '9831 Hermina Parkway', 'jfassbindlercd@wikimedia.org'),
(447, 'Blondy', '19394 Vidon Trail', 'bcantillonce@etsy.com'),
(448, 'Prisca', '0 Scott Point', 'pdunhamcf@ca.gov'),
(449, 'Moe', '53 Milwaukee Way', 'mtunbridgecg@meetup.com'),
(450, 'Katti', '91 Warbler Pass', 'kbroadwaych@diigo.com'),
(451, 'Merline', '51 Fuller Parkway', 'mbramontci@networksolutions.com'),
(452, 'Sibylle', '253 Erie Drive', 'scomberbeachcj@nymag.com'),
(453, 'Travers', '4015 Forest Dale Place', 'tcanaanck@4shared.com'),
(454, 'Shane', '4569 Caliangt Parkway', 'saushercl@zdnet.com'),
(455, 'Broddy', '5 Lakewood Gardens Circle', 'bcollinettecm@washingtonpost.com'),
(456, 'Calida', '2 Northland Drive', 'cmalcolmcn@usnews.com'),
(457, 'Cly', '874 Transport Center', 'clindupco@webnode.com'),
(458, 'Emmey', '92 Clemons Parkway', 'edeweycp@foxnews.com'),
(459, 'Sharyl', '777 2nd Street', 'sdainecq@businesswire.com'),
(460, 'Dillon', '3 Pine View Parkway', 'dwybroncr@webs.com'),
(461, 'Pippo', '45506 Forest Dale Terrace', 'pcouthcs@wikimedia.org'),
(462, 'Cynthia', '6848 Scott Point', 'cdegoeyct@thetimes.co.uk'),
(463, 'Cyndie', '24 Forest Dale Hill', 'cbriamocu@aboutads.info'),
(464, 'Brion', '7 Florence Place', 'bdibsdalecv@geocities.com'),
(465, 'Daryle', '345 Twin Pines Court', 'dbeartupcw@rambler.ru'),
(466, 'Tadd', '47 Gerald Circle', 'tdarwentcx@economist.com'),
(467, 'Krissy', '62929 Dahle Street', 'kalmondcy@nps.gov'),
(468, 'Kirbee', '504 Shelley Place', 'kolneycz@jiathis.com'),
(469, 'Ottilie', '9664 Crownhardt Pass', 'ogarbuttd0@google.cn'),
(470, 'Conroy', '58349 Harbort Plaza', 'cweaferd1@nature.com'),
(471, 'Russell', '32988 Mendota Plaza', 'rblindtd2@issuu.com'),
(472, 'Marin', '4 Division Way', 'mmannixd3@princeton.edu'),
(473, 'Ines', '449 Warbler Court', 'iholwelld4@japanpost.jp'),
(474, 'Pieter', '83 Mesta Circle', 'padshadd5@constantcontact.com'),
(475, 'Esmeralda', '59644 Buena Vista Road', 'eendecottd6@msn.com'),
(476, 'Alidia', '20 Schmedeman Way', 'acaressd7@nba.com'),
(477, 'Linda', '8754 Sycamore Road', 'lcawderyd8@ycombinator.com'),
(478, 'Archibald', '947 Clove Parkway', 'aparvind9@baidu.com'),
(479, 'Dora', '50551 Northfield Alley', 'dzeplinda@tinypic.com'),
(480, 'Scotti', '8 Dorton Lane', 'srecordsdb@chicagotribune.com'),
(481, 'Noby', '03346 Dennis Court', 'nblythindc@un.org'),
(482, 'Pammy', '305 Gulseth Park', 'plinkiedd@hexun.com'),
(483, 'Ezra', '2 Talmadge Crossing', 'ekillelayde@businesswire.com'),
(484, 'Laurene', '9873 Autumn Leaf Pass', 'lmoutrayreaddf@yahoo.co.jp'),
(485, 'Lesley', '180 Loeprich Junction', 'lkidsleydg@infoseek.co.jp'),
(486, 'Merla', '22 Arrowood Point', 'mfehnerdh@npr.org'),
(487, 'Rodolph', '54 Pond Avenue', 'rstorahdi@bizjournals.com'),
(488, 'Aurlie', '79923 Buena Vista Road', 'atarbettdj@patch.com'),
(489, 'Aryn', '331 Meadow Vale Junction', 'athelwlldk@liveinternet.ru'),
(490, 'Julietta', '7 Superior Road', 'jogilbydl@dion.ne.jp'),
(491, 'Emmit', '48157 Mosinee Pass', 'egligoracidm@guardian.co.uk'),
(492, 'Everett', '9 Lukken Road', 'eaughtondn@webeden.co.uk'),
(493, 'Winthrop', '412 Declaration Alley', 'wcorradido@chronoengine.com'),
(494, 'Mandy', '6 Stephen Drive', 'mwoodcroftdp@intel.com'),
(495, 'Karalynn', '4 Dahle Circle', 'kboydelldq@goodreads.com'),
(496, 'Corbet', '276 Jay Trail', 'cshitliffdr@digg.com'),
(497, 'Sasha', '9 Memorial Place', 'sseedhouseds@shinystat.com'),
(498, 'Belvia', '02277 Mosinee Drive', 'bmitskevichdt@deviantart.com'),
(499, 'Lurline', '08988 Browning Terrace', 'lblackburnedu@oracle.com'),
(500, 'Marne', '86 Talmadge Way', 'mlangdaledv@hao123.com');

-- --------------------------------------------------------

--
-- Table structure for table `hewan`
--

CREATE TABLE `hewan` (
  `id_hewan` int(11) NOT NULL,
  `jenis_hewan` varchar(256) DEFAULT NULL,
  `tipe_hewan` varchar(256) DEFAULT NULL,
  `harga_hewan` int(11) DEFAULT NULL,
  `stok_hewan` int(11) DEFAULT NULL,
  `deskripsi_hewan` text DEFAULT NULL,
  `id_kategori_hewan` int(11) DEFAULT NULL
) ENGINE=InnoDB DEFAULT CHARSET=utf8mb4 COLLATE=utf8mb4_general_ci;

--
-- Dumping data for table `hewan`
--

INSERT INTO `hewan` (`id_hewan`, `jenis_hewan`, `tipe_hewan`, `harga_hewan`, `stok_hewan`, `deskripsi_hewan`, `id_kategori_hewan`) VALUES
(1, 'Kucing', 'Persia', 200, 20, 'Deskripsi Kucing Persia', 1),
(2, 'Anjing', 'Bulldog', 300, 15, 'Deskripsi Anjing Bulldog', 1),
(3, 'Ikan Koi', 'Koi', 50, 30, 'Deskripsi Ikan Koi', 2),
(4, 'Betta', 'Betta Fish', 15, 50, 'Deskripsi Betta Fish', 2),
(5, 'Merpati', 'Merpati Pigeon', 10, 40, 'Deskripsi Merpati Pigeon', 3),
(6, 'Cockatiel', 'Cockatiel Bird', 80, 25, 'Deskripsi Cockatiel Bird', 3),
(7, 'Hamster', 'Dwarf Hamster', 25, 35, 'Deskripsi Dwarf Hamster', 1),
(8, 'Kelinci', 'Angora', 40, 20, 'Deskripsi Kelinci Angora', 1),
(9, 'Goldfish', 'Comet Goldfish', 20, 50, 'Deskripsi Comet Goldfish', 2),
(10, 'Lovebird', 'Peach-faced Lovebird', 60, 30, 'Deskripsi Peach-faced Lovebird', 3);

-- --------------------------------------------------------

--
-- Table structure for table `kategori_hewan`
--

CREATE TABLE `kategori_hewan` (
  `id_kategori_hewan` int(11) NOT NULL,
  `nama_kategori_hewan` varchar(256) DEFAULT NULL
) ENGINE=InnoDB DEFAULT CHARSET=utf8mb4 COLLATE=utf8mb4_general_ci;

--
-- Dumping data for table `kategori_hewan`
--

INSERT INTO `kategori_hewan` (`id_kategori_hewan`, `nama_kategori_hewan`) VALUES
(1, 'Mamalia'),
(2, 'Ikan'),
(3, 'Burung');

-- --------------------------------------------------------

--
-- Table structure for table `kategori_pakan`
--

CREATE TABLE `kategori_pakan` (
  `id_kategori_pakan` int(11) NOT NULL,
  `nama_kategori_pakan` varchar(256) DEFAULT NULL
) ENGINE=InnoDB DEFAULT CHARSET=utf8mb4 COLLATE=utf8mb4_general_ci;

--
-- Dumping data for table `kategori_pakan`
--

INSERT INTO `kategori_pakan` (`id_kategori_pakan`, `nama_kategori_pakan`) VALUES
(1, 'Makanan Kering'),
(2, 'Makanan Basah'),
(3, 'Camilan'),
(4, 'Makanan Organik');

-- --------------------------------------------------------

--
-- Table structure for table `pakan_hewan`
--

CREATE TABLE `pakan_hewan` (
  `id_pakan` int(11) NOT NULL,
  `tipe_pakan` varchar(256) DEFAULT NULL,
  `stok_pakan` int(11) DEFAULT NULL,
  `harga_satuan_pakan` int(11) DEFAULT NULL,
  `detail_pakan` text DEFAULT NULL,
  `id_kategori_pakan` int(11) DEFAULT NULL
) ENGINE=InnoDB DEFAULT CHARSET=utf8mb4 COLLATE=utf8mb4_general_ci;

--
-- Dumping data for table `pakan_hewan`
--

INSERT INTO `pakan_hewan` (`id_pakan`, `tipe_pakan`, `stok_pakan`, `harga_satuan_pakan`, `detail_pakan`, `id_kategori_pakan`) VALUES
(1, 'Makanan Kucing', 100, 10, 'Detail Makanan Kucing', 1),
(2, 'Makanan Anjing', 80, 15, 'Detail Makanan Anjing', 1),
(3, 'Pakan Ikan Koi', 120, 5, 'Detail Pakan Ikan Koi', 2),
(4, 'Pakan Betta', 150, 2, 'Detail Pakan Betta', 2),
(5, 'Bijian Merpati', 200, 1, 'Detail Bijian Merpati', 3),
(6, 'Biji Cockatiel', 70, 8, 'Detail Biji Cockatiel', 3),
(7, 'Pakan Hamster', 90, 3, 'Detail Pakan Hamster', 1),
(8, 'Rumput Kelinci', 60, 6, 'Detail Rumput Kelinci', 1),
(9, 'Pelet Ikan', 100, 4, 'Detail Pelet Ikan', 2),
(10, 'Pakan Lovebird', 120, 7, 'Detail Pakan Lovebird', 3);

-- --------------------------------------------------------

--
-- Table structure for table `pembayaran`
--

CREATE TABLE `pembayaran` (
  `id_pembayaran` int(11) NOT NULL,
  `jumlah_pembayaran` int(11) DEFAULT NULL,
  `detail_pembayaran` text DEFAULT NULL,
  `id_staff` int(11) DEFAULT NULL,
  `id_pemesanan` int(11) DEFAULT NULL
) ENGINE=InnoDB DEFAULT CHARSET=utf8mb4 COLLATE=utf8mb4_general_ci;

--
-- Dumping data for table `pembayaran`
--

INSERT INTO `pembayaran` (`id_pembayaran`, `jumlah_pembayaran`, `detail_pembayaran`, `id_staff`, `id_pemesanan`) VALUES
(1, 435, 'Proactive dedicated secured line', 17, 1),
(2, 11, 'Re-engineered solution-oriented hierarchy', 44, 2),
(3, 161, 'Virtual global implementation', 23, 3),
(4, 453, 'Expanded explicit superstructure', 15, 4),
(5, 245, 'Upgradable 4th generation implementation', 1, 5),
(6, 289, 'Reduced 24 hour access', 22, 6),
(7, 298, 'Balanced incremental analyzer', 20, 7),
(8, 470, 'Advanced asymmetric hierarchy', 3, 8),
(9, 443, 'Seamless bottom-line capacity', 17, 9),
(10, 470, 'Switchable 24 hour intranet', 35, 10),
(11, 359, 'Synchronised grid-enabled array', 50, 11),
(12, 307, 'Progressive zero administration knowledge user', 12, 12),
(13, 489, 'Total composite structure', 2, 13),
(14, 290, 'Cross-platform incremental workforce', 20, 14),
(15, 320, 'Focused 24/7 complexity', 14, 15),
(16, 15, 'Re-engineered systemic firmware', 39, 16),
(17, 142, 'Reduced 5th generation portal', 8, 17),
(18, 492, 'Configurable coherent internet solution', 26, 18),
(19, 450, 'Optional secondary database', 32, 19),
(20, 290, 'Organic client-server benchmark', 3, 20),
(21, 180, 'Profit-focused 3rd generation orchestration', 20, 21),
(22, 90, 'Persevering 3rd generation methodology', 23, 22),
(23, 277, 'Adaptive client-server definition', 3, 23),
(24, 259, 'Innovative static extranet', 10, 24),
(25, 487, 'Switchable global matrices', 31, 25),
(26, 382, 'Digitized responsive extranet', 16, 26),
(27, 306, 'Ergonomic heuristic pricing structure', 1, 27),
(28, 443, 'De-engineered radical ability', 35, 28),
(29, 437, 'Open-architected zero tolerance portal', 46, 29),
(30, 298, 'Managed interactive firmware', 25, 30),
(31, 402, 'Multi-layered content-based portal', 10, 31),
(32, 182, 'Ergonomic radical data-warehouse', 34, 32),
(33, 51, 'Synergized client-server interface', 44, 33),
(34, 221, 'Polarised empowering matrices', 33, 34),
(35, 20, 'Assimilated intermediate definition', 35, 35),
(36, 250, 'Focused client-driven open architecture', 31, 36),
(37, 469, 'Pre-emptive multi-state throughput', 32, 37),
(38, 394, 'User-centric next generation info-mediaries', 14, 38),
(39, 208, 'Cross-platform human-resource superstructure', 26, 39),
(40, 246, 'Monitored incremental workforce', 41, 40),
(41, 424, 'Optimized discrete encoding', 35, 41),
(42, 226, 'Proactive 6th generation website', 14, 42),
(43, 243, 'Re-contextualized bi-directional interface', 25, 43),
(44, 307, 'Self-enabling user-facing synergy', 13, 44),
(45, 335, 'Persevering needs-based orchestration', 5, 45),
(46, 454, 'Assimilated uniform focus group', 16, 46),
(47, 433, 'Universal heuristic array', 43, 47),
(48, 315, 'Face to face upward-trending policy', 10, 48),
(49, 209, 'Persevering incremental encoding', 4, 49),
(50, 188, 'User-friendly 4th generation solution', 24, 50),
(51, 44, 'Advanced zero tolerance leverage', 50, 51),
(52, 144, 'Enhanced impactful task-force', 3, 52),
(53, 325, 'Ameliorated regional projection', 12, 53),
(54, 496, 'Advanced actuating encryption', 35, 54),
(55, 470, 'Diverse grid-enabled solution', 50, 55),
(56, 190, 'Extended exuding architecture', 29, 56),
(57, 306, 'Horizontal local knowledge base', 44, 57),
(58, 109, 'Team-oriented asynchronous moderator', 8, 58),
(59, 235, 'Down-sized system-worthy orchestration', 8, 59),
(60, 253, 'Managed client-server middleware', 46, 60),
(61, 28, 'Fully-configurable actuating project', 17, 61),
(62, 357, 'Organized analyzing contingency', 7, 62),
(63, 121, 'Upgradable well-modulated synergy', 3, 63),
(64, 120, 'Open-source systematic groupware', 20, 64),
(65, 385, 'De-engineered tangible emulation', 32, 65),
(66, 453, 'Re-engineered asymmetric hub', 24, 66),
(67, 129, 'Optional static info-mediaries', 4, 67),
(68, 372, 'Persistent explicit productivity', 28, 68),
(69, 198, 'Open-architected tangible local area network', 26, 69),
(70, 355, 'Automated global service-desk', 20, 70),
(71, 488, 'Versatile fresh-thinking local area network', 10, 71),
(72, 416, 'Function-based systemic protocol', 47, 72),
(73, 214, 'Up-sized didactic leverage', 42, 73),
(74, 278, 'Synergized bi-directional adapter', 25, 74),
(75, 155, 'Synchronised tangible info-mediaries', 46, 75),
(76, 285, 'Realigned transitional orchestration', 4, 76),
(77, 368, 'Sharable object-oriented conglomeration', 44, 77),
(78, 315, 'Polarised homogeneous capability', 37, 78),
(79, 490, 'Synergistic actuating hub', 29, 79),
(80, 163, 'Seamless cohesive migration', 2, 80),
(81, 350, 'Centralized encompassing toolset', 40, 81),
(82, 116, 'Synergistic asymmetric portal', 40, 82),
(83, 451, 'Mandatory logistical architecture', 42, 83),
(84, 189, 'Exclusive next generation challenge', 15, 84),
(85, 243, 'Centralized dedicated projection', 24, 85),
(86, 215, 'Re-engineered national open system', 9, 86),
(87, 44, 'Face to face bandwidth-monitored infrastructure', 24, 87),
(88, 149, 'Face to face exuding interface', 49, 88),
(89, 431, 'Persistent heuristic structure', 32, 89),
(90, 408, 'Decentralized empowering benchmark', 45, 90),
(91, 244, 'Synergized optimizing throughput', 28, 91),
(92, 127, 'Polarised 24 hour model', 4, 92),
(93, 185, 'Automated 5th generation hub', 9, 93),
(94, 19, 'Synergized intermediate complexity', 19, 94),
(95, 164, 'Function-based optimizing project', 16, 95),
(96, 486, 'Intuitive empowering function', 43, 96),
(97, 74, 'Profound background project', 20, 97),
(98, 53, 'Advanced composite analyzer', 19, 98),
(99, 454, 'Open-source asymmetric interface', 32, 99),
(100, 429, 'Phased zero tolerance groupware', 17, 100),
(101, 284, 'Integrated analyzing moderator', 17, 101),
(102, 308, 'Exclusive transitional task-force', 20, 102),
(103, 200, 'Re-contextualized impactful flexibility', 18, 103),
(104, 143, 'Synergistic actuating internet solution', 34, 104),
(105, 363, 'Upgradable asymmetric website', 34, 105),
(106, 38, 'Re-engineered neutral solution', 32, 106),
(107, 13, 'Extended analyzing open architecture', 12, 107),
(108, 491, 'Customizable bottom-line standardization', 17, 108),
(109, 200, 'Digitized actuating website', 11, 109),
(110, 465, 'Customer-focused responsive access', 11, 110),
(111, 375, 'Devolved context-sensitive ability', 38, 111),
(112, 189, 'Intuitive responsive installation', 32, 112),
(113, 313, 'Persistent transitional collaboration', 30, 113),
(114, 175, 'Self-enabling disintermediate algorithm', 8, 114),
(115, 460, 'Programmable global collaboration', 15, 115),
(116, 171, 'Re-engineered asynchronous forecast', 48, 116),
(117, 102, 'Multi-tiered foreground function', 22, 117),
(118, 482, 'Customizable maximized ability', 22, 118),
(119, 440, 'Cross-platform high-level adapter', 16, 119),
(120, 334, 'Self-enabling composite matrix', 17, 120),
(121, 189, 'Balanced clear-thinking toolset', 38, 121),
(122, 15, 'Profit-focused mobile flexibility', 14, 122),
(123, 44, 'Cross-platform reciprocal benchmark', 10, 123),
(124, 269, 'Right-sized scalable Graphical User Interface', 37, 124),
(125, 269, 'Versatile static benchmark', 43, 125),
(126, 497, 'Reduced global process improvement', 32, 126),
(127, 324, 'Balanced asymmetric time-frame', 49, 127),
(128, 96, 'Multi-lateral responsive neural-net', 30, 128),
(129, 332, 'Upgradable radical initiative', 30, 129),
(130, 88, 'Diverse object-oriented infrastructure', 46, 130),
(131, 183, 'Quality-focused exuding software', 6, 131),
(132, 269, 'Profound fault-tolerant support', 20, 132),
(133, 208, 'Adaptive regional infrastructure', 34, 133),
(134, 290, 'Fundamental reciprocal archive', 34, 134),
(135, 440, 'Multi-channelled dynamic standardization', 47, 135),
(136, 194, 'Compatible fresh-thinking hierarchy', 4, 136),
(137, 240, 'Cross-group homogeneous utilisation', 21, 137),
(138, 283, 'Pre-emptive discrete definition', 35, 138),
(139, 456, 'Organic holistic forecast', 16, 139),
(140, 380, 'Ameliorated bifurcated strategy', 44, 140),
(141, 462, 'Enterprise-wide logistical capacity', 4, 141),
(142, 162, 'Cross-group analyzing encoding', 47, 142),
(143, 255, 'User-friendly content-based service-desk', 32, 143),
(144, 484, 'Assimilated bifurcated workforce', 47, 144),
(145, 384, 'Polarised even-keeled architecture', 15, 145),
(146, 214, 'Multi-lateral demand-driven parallelism', 5, 146),
(147, 61, 'Sharable demand-driven pricing structure', 21, 147),
(148, 446, 'Future-proofed didactic definition', 15, 148),
(149, 211, 'Inverse multimedia secured line', 42, 149),
(150, 21, 'Pre-emptive 3rd generation frame', 44, 150),
(151, 351, 'Compatible neutral product', 28, 151),
(152, 479, 'Cross-platform maximized implementation', 2, 152),
(153, 384, 'Organic upward-trending system engine', 47, 153),
(154, 166, 'De-engineered fault-tolerant data-warehouse', 29, 154),
(155, 395, 'Team-oriented disintermediate interface', 41, 155),
(156, 279, 'Multi-layered eco-centric initiative', 12, 156),
(157, 296, 'Focused regional frame', 41, 157),
(158, 258, 'Phased didactic open architecture', 46, 158),
(159, 178, 'Synergistic neutral productivity', 5, 159),
(160, 233, 'Reverse-engineered intangible utilisation', 1, 160),
(161, 486, 'Diverse bandwidth-monitored matrix', 38, 161),
(162, 167, 'Profound systematic throughput', 1, 162),
(163, 227, 'Open-architected zero tolerance project', 49, 163),
(164, 152, 'Stand-alone zero tolerance contingency', 19, 164),
(165, 312, 'Programmable explicit software', 6, 165),
(166, 131, 'Face to face mobile function', 38, 166),
(167, 60, 'Cross-platform neutral customer loyalty', 39, 167),
(168, 241, 'Expanded responsive protocol', 28, 168),
(169, 352, 'Decentralized background Graphic Interface', 50, 169),
(170, 260, 'Optimized bifurcated synergy', 18, 170),
(171, 413, 'Universal content-based architecture', 23, 171),
(172, 97, 'Team-oriented systematic collaboration', 12, 172),
(173, 76, 'Enhanced 4th generation architecture', 36, 173),
(174, 181, 'Grass-roots tangible definition', 14, 174),
(175, 443, 'Cross-group multi-state functionalities', 40, 175),
(176, 449, 'Monitored context-sensitive strategy', 20, 176),
(177, 113, 'Total motivating capability', 44, 177),
(178, 14, 'Expanded analyzing concept', 21, 178),
(179, 65, 'Ameliorated systematic function', 48, 179),
(180, 349, 'Seamless 6th generation infrastructure', 48, 180),
(181, 497, 'Team-oriented upward-trending groupware', 36, 181),
(182, 47, 'Triple-buffered contextually-based task-force', 23, 182),
(183, 390, 'Phased contextually-based function', 35, 183),
(184, 476, 'Enterprise-wide multi-tasking task-force', 33, 184),
(185, 323, 'Implemented uniform data-warehouse', 39, 185),
(186, 196, 'Function-based tertiary support', 10, 186),
(187, 43, 'Re-contextualized 3rd generation ability', 24, 187),
(188, 162, 'Ergonomic tertiary system engine', 23, 188),
(189, 284, 'Virtual attitude-oriented synergy', 26, 189),
(190, 398, 'Operative holistic open system', 29, 190),
(191, 146, 'Managed bottom-line knowledge base', 36, 191),
(192, 435, 'Synergistic dynamic matrices', 8, 192),
(193, 219, 'Innovative web-enabled data-warehouse', 14, 193),
(194, 83, 'Assimilated discrete customer loyalty', 8, 194),
(195, 164, 'User-centric systematic success', 46, 195),
(196, 75, 'Multi-channelled eco-centric definition', 22, 196),
(197, 281, 'Future-proofed grid-enabled throughput', 43, 197),
(198, 165, 'Ameliorated well-modulated paradigm', 43, 198),
(199, 390, 'Seamless zero tolerance customer loyalty', 24, 199),
(200, 456, 'Expanded background archive', 24, 200),
(201, 410, 'Future-proofed radical implementation', 29, 201),
(202, 223, 'Decentralized incremental policy', 29, 202),
(203, 463, 'Sharable multi-state hierarchy', 17, 203),
(204, 207, 'Customer-focused scalable architecture', 18, 204),
(205, 294, 'Decentralized system-worthy archive', 39, 205),
(206, 208, 'Expanded client-driven array', 20, 206),
(207, 75, 'Inverse reciprocal workforce', 40, 207),
(208, 40, 'Secured cohesive secured line', 12, 208),
(209, 323, 'Intuitive client-server knowledge user', 24, 209),
(210, 414, 'Organic optimal throughput', 19, 210),
(211, 70, 'Multi-tiered actuating task-force', 11, 211),
(212, 369, 'Realigned optimal access', 30, 212),
(213, 55, 'Automated cohesive open architecture', 16, 213),
(214, 208, 'User-friendly impactful process improvement', 24, 214),
(215, 154, 'Cross-platform well-modulated interface', 49, 215),
(216, 143, 'Programmable bifurcated support', 34, 216),
(217, 408, 'Cross-group object-oriented forecast', 24, 217),
(218, 265, 'Pre-emptive human-resource groupware', 18, 218),
(219, 289, 'Centralized scalable process improvement', 1, 219),
(220, 408, 'Profit-focused zero defect product', 25, 220),
(221, 323, 'Virtual cohesive interface', 38, 221),
(222, 437, 'Innovative disintermediate standardization', 8, 222),
(223, 56, 'Extended responsive structure', 44, 223),
(224, 81, 'Cloned next generation product', 22, 224),
(225, 231, 'Distributed optimal strategy', 14, 225),
(226, 481, 'Virtual well-modulated strategy', 28, 226),
(227, 308, 'Automated well-modulated time-frame', 5, 227),
(228, 295, 'Decentralized optimal structure', 42, 228),
(229, 138, 'Future-proofed motivating strategy', 15, 229),
(230, 140, 'User-centric neutral portal', 23, 230),
(231, 97, 'Organic zero tolerance model', 46, 231),
(232, 463, 'Business-focused intermediate complexity', 20, 232),
(233, 274, 'Virtual optimal application', 6, 233),
(234, 363, 'Enhanced executive initiative', 12, 234),
(235, 70, 'Diverse bifurcated internet solution', 12, 235),
(236, 398, 'Future-proofed holistic product', 38, 236),
(237, 382, 'Adaptive asynchronous contingency', 44, 237),
(238, 464, 'Multi-lateral fault-tolerant leverage', 45, 238),
(239, 250, 'Focused content-based orchestration', 10, 239),
(240, 487, 'Digitized incremental groupware', 26, 240),
(241, 487, 'Phased zero tolerance encoding', 27, 241),
(242, 297, 'Re-contextualized user-facing framework', 3, 242),
(243, 218, 'Cloned impactful flexibility', 45, 243),
(244, 492, 'Adaptive modular Graphical User Interface', 15, 244),
(245, 21, 'Customer-focused multimedia leverage', 49, 245),
(246, 469, 'Seamless real-time Graphic Interface', 35, 246),
(247, 297, 'Cross-platform well-modulated info-mediaries', 4, 247),
(248, 28, 'Business-focused mobile adapter', 23, 248),
(249, 110, 'Multi-tiered incremental website', 21, 249),
(250, 397, 'Centralized attitude-oriented superstructure', 1, 250),
(251, 469, 'Synergized impactful standardization', 45, 251),
(252, 399, 'Organized discrete functionalities', 33, 252),
(253, 154, 'Extended multi-tasking policy', 32, 253),
(254, 265, 'Assimilated heuristic frame', 29, 254),
(255, 458, 'Future-proofed systemic migration', 39, 255),
(256, 411, 'Reactive system-worthy algorithm', 43, 256),
(257, 36, 'Realigned demand-driven system engine', 10, 257),
(258, 465, 'Mandatory client-server matrix', 35, 258),
(259, 63, 'Ergonomic intermediate conglomeration', 6, 259),
(260, 468, 'Advanced grid-enabled ability', 7, 260),
(261, 126, 'Horizontal 5th generation Graphic Interface', 38, 261),
(262, 236, 'User-friendly grid-enabled solution', 49, 262),
(263, 222, 'Down-sized mobile Graphic Interface', 17, 263),
(264, 130, 'Persistent actuating customer loyalty', 29, 264),
(265, 421, 'De-engineered dynamic hub', 18, 265),
(266, 129, 'Optimized exuding flexibility', 33, 266),
(267, 457, 'Distributed next generation capacity', 35, 267),
(268, 104, 'Stand-alone scalable framework', 46, 268),
(269, 285, 'Customer-focused directional intranet', 34, 269),
(270, 154, 'Face to face 4th generation leverage', 4, 270),
(271, 21, 'Optimized modular architecture', 9, 271),
(272, 422, 'Enterprise-wide radical alliance', 38, 272),
(273, 312, 'Versatile interactive process improvement', 50, 273),
(274, 101, 'Stand-alone homogeneous knowledge user', 42, 274),
(275, 209, 'Profound user-facing orchestration', 8, 275),
(276, 69, 'Upgradable composite internet solution', 30, 276),
(277, 153, 'Horizontal bifurcated leverage', 32, 277),
(278, 357, 'Cross-platform 4th generation productivity', 13, 278),
(279, 224, 'Profound optimizing budgetary management', 25, 279),
(280, 152, 'Multi-layered client-server matrix', 20, 280),
(281, 491, 'Intuitive uniform encryption', 8, 281),
(282, 480, 'Cloned encompassing structure', 28, 282),
(283, 302, 'Phased radical parallelism', 7, 283),
(284, 175, 'Total tangible alliance', 45, 284),
(285, 434, 'Managed 6th generation parallelism', 50, 285),
(286, 219, 'Fully-configurable even-keeled implementation', 37, 286),
(287, 231, 'Devolved reciprocal workforce', 23, 287),
(288, 354, 'Profound mission-critical matrix', 39, 288),
(289, 59, 'Total zero administration project', 35, 289),
(290, 241, 'Function-based multimedia installation', 18, 290),
(291, 476, 'Profit-focused next generation monitoring', 46, 291),
(292, 381, 'Synchronised grid-enabled installation', 31, 292),
(293, 257, 'User-friendly system-worthy focus group', 25, 293),
(294, 345, 'Synergized coherent Graphical User Interface', 33, 294),
(295, 397, 'Phased upward-trending contingency', 33, 295),
(296, 226, 'Team-oriented 4th generation data-warehouse', 50, 296),
(297, 114, 'Business-focused systemic frame', 11, 297),
(298, 83, 'Pre-emptive 24/7 extranet', 34, 298),
(299, 412, 'Networked context-sensitive framework', 27, 299),
(300, 390, 'Innovative cohesive benchmark', 12, 300),
(301, 231, 'Open-source modular contingency', 46, 301),
(302, 188, 'Face to face cohesive internet solution', 49, 302),
(303, 121, 'Up-sized composite complexity', 48, 303),
(304, 211, 'Grass-roots grid-enabled website', 5, 304),
(305, 418, 'Proactive discrete architecture', 31, 305),
(306, 394, 'Optimized secondary circuit', 43, 306),
(307, 75, 'Team-oriented static Graphical User Interface', 35, 307),
(308, 424, 'Pre-emptive fault-tolerant website', 4, 308),
(309, 332, 'Right-sized leading edge instruction set', 12, 309),
(310, 131, 'Reverse-engineered composite task-force', 17, 310),
(311, 42, 'Operative didactic help-desk', 5, 311),
(312, 350, 'Persevering tertiary help-desk', 18, 312),
(313, 153, 'Cross-platform tertiary groupware', 10, 313),
(314, 377, 'Inverse zero administration projection', 28, 314),
(315, 259, 'Horizontal context-sensitive encoding', 19, 315),
(316, 314, 'Progressive disintermediate hierarchy', 46, 316),
(317, 106, 'Public-key well-modulated middleware', 19, 317),
(318, 443, 'Persistent next generation core', 24, 318),
(319, 131, 'Stand-alone incremental protocol', 40, 319),
(320, 191, 'Switchable cohesive software', 44, 320),
(321, 20, 'Profound multimedia Graphic Interface', 47, 321),
(322, 371, 'Cloned 5th generation policy', 47, 322),
(323, 137, 'Object-based methodical migration', 46, 323),
(324, 466, 'Mandatory optimizing functionalities', 39, 324),
(325, 453, 'Right-sized stable parallelism', 22, 325),
(326, 295, 'Pre-emptive dynamic array', 30, 326),
(327, 327, 'Compatible object-oriented protocol', 27, 327),
(328, 388, 'Function-based bottom-line help-desk', 10, 328),
(329, 422, 'Programmable background architecture', 4, 329),
(330, 151, 'Quality-focused intermediate task-force', 17, 330),
(331, 110, 'Progressive zero tolerance matrix', 7, 331),
(332, 262, 'Automated explicit initiative', 12, 332),
(333, 275, 'Sharable leading edge access', 5, 333),
(334, 216, 'Seamless solution-oriented attitude', 35, 334),
(335, 110, 'Mandatory needs-based moratorium', 29, 335),
(336, 87, 'Right-sized background success', 19, 336),
(337, 35, 'Extended grid-enabled concept', 15, 337),
(338, 132, 'Profit-focused didactic definition', 29, 338),
(339, 337, 'Switchable local database', 36, 339),
(340, 183, 'Optimized bandwidth-monitored artificial intelligence', 48, 340),
(341, 351, 'Persistent interactive process improvement', 19, 341),
(342, 282, 'Adaptive homogeneous solution', 20, 342),
(343, 478, 'Cloned asymmetric secured line', 22, 343),
(344, 304, 'Mandatory context-sensitive protocol', 12, 344),
(345, 403, 'Reduced hybrid standardization', 12, 345),
(346, 453, 'Pre-emptive explicit instruction set', 6, 346),
(347, 291, 'Horizontal empowering implementation', 37, 347),
(348, 480, 'Profound eco-centric process improvement', 48, 348),
(349, 387, 'Automated national complexity', 19, 349),
(350, 217, 'Cloned clear-thinking contingency', 25, 350),
(351, 232, 'Stand-alone reciprocal hub', 22, 351),
(352, 249, 'Balanced secondary data-warehouse', 18, 352),
(353, 177, 'Fundamental object-oriented archive', 21, 353),
(354, 176, 'Total eco-centric groupware', 2, 354),
(355, 310, 'Seamless static firmware', 4, 355),
(356, 260, 'Multi-lateral asymmetric secured line', 47, 356),
(357, 309, 'Multi-channelled disintermediate firmware', 31, 357),
(358, 118, 'Persevering bottom-line function', 4, 358),
(359, 87, 'Versatile systemic access', 34, 359),
(360, 353, 'Synergistic zero defect monitoring', 28, 360),
(361, 124, 'Secured clear-thinking paradigm', 4, 361),
(362, 77, 'Profit-focused attitude-oriented function', 11, 362),
(363, 36, 'Mandatory background ability', 36, 363),
(364, 252, 'User-friendly responsive adapter', 16, 364),
(365, 246, 'Multi-lateral background task-force', 16, 365),
(366, 182, 'Advanced even-keeled attitude', 3, 366),
(367, 390, 'Sharable context-sensitive utilisation', 33, 367),
(368, 401, 'Universal multimedia knowledge user', 32, 368),
(369, 298, 'Compatible scalable model', 36, 369),
(370, 411, 'Vision-oriented well-modulated attitude', 42, 370),
(371, 430, 'Proactive optimizing attitude', 42, 371),
(372, 62, 'Assimilated real-time neural-net', 17, 372),
(373, 239, 'Versatile stable frame', 13, 373),
(374, 69, 'Exclusive clear-thinking frame', 8, 374),
(375, 129, 'Distributed even-keeled project', 7, 375),
(376, 351, 'Organic discrete help-desk', 11, 376),
(377, 186, 'Open-source secondary function', 12, 377),
(378, 131, 'Organized directional strategy', 12, 378),
(379, 333, 'Future-proofed actuating groupware', 14, 379),
(380, 315, 'Synchronised systematic process improvement', 11, 380),
(381, 300, 'Balanced client-driven process improvement', 30, 381),
(382, 436, 'Horizontal directional groupware', 25, 382),
(383, 192, 'Synergized disintermediate service-desk', 25, 383),
(384, 241, 'Exclusive bi-directional neural-net', 36, 384),
(385, 293, 'Innovative upward-trending solution', 7, 385),
(386, 180, 'Synchronised executive knowledge user', 1, 386),
(387, 414, 'De-engineered web-enabled superstructure', 16, 387),
(388, 272, 'Multi-channelled system-worthy algorithm', 34, 388),
(389, 471, 'Cross-platform 3rd generation encoding', 43, 389),
(390, 145, 'Virtual maximized array', 49, 390),
(391, 21, 'Extended zero administration application', 9, 391),
(392, 361, 'Optimized exuding budgetary management', 9, 392),
(393, 419, 'Team-oriented attitude-oriented benchmark', 45, 393),
(394, 361, 'Decentralized multi-tasking knowledge user', 2, 394),
(395, 106, 'Realigned static implementation', 48, 395),
(396, 28, 'Up-sized 24 hour product', 26, 396),
(397, 413, 'Programmable tangible support', 45, 397),
(398, 190, 'Public-key system-worthy toolset', 44, 398),
(399, 83, 'Front-line content-based projection', 44, 399),
(400, 226, 'Persevering logistical database', 20, 400),
(401, 72, 'Intuitive client-server Graphical User Interface', 12, 401),
(402, 103, 'Diverse even-keeled time-frame', 14, 402),
(403, 161, 'Synergized directional focus group', 34, 403),
(404, 203, 'Distributed 4th generation portal', 35, 404),
(405, 41, 'Customer-focused logistical archive', 33, 405),
(406, 461, 'Grass-roots dedicated success', 29, 406),
(407, 249, 'Monitored zero defect info-mediaries', 40, 407),
(408, 414, 'Right-sized background secured line', 35, 408),
(409, 484, 'Enhanced national product', 1, 409),
(410, 83, 'Programmable composite website', 31, 410),
(411, 204, 'Configurable leading edge initiative', 9, 411),
(412, 239, 'Integrated disintermediate contingency', 45, 412),
(413, 373, 'Visionary content-based conglomeration', 37, 413),
(414, 77, 'Configurable analyzing encryption', 16, 414),
(415, 103, 'Synergistic global knowledge user', 4, 415),
(416, 184, 'Proactive homogeneous system engine', 22, 416),
(417, 322, 'Up-sized empowering open architecture', 3, 417),
(418, 50, 'Future-proofed motivating Graphic Interface', 38, 418),
(419, 205, 'Business-focused zero tolerance standardization', 19, 419),
(420, 206, 'Operative content-based function', 15, 420),
(421, 463, 'Sharable discrete success', 36, 421),
(422, 467, 'Realigned secondary time-frame', 34, 422),
(423, 152, 'Reduced national intranet', 20, 423),
(424, 455, 'Phased eco-centric pricing structure', 32, 424),
(425, 281, 'Optional local protocol', 48, 425),
(426, 14, 'Re-engineered upward-trending open system', 11, 426),
(427, 485, 'Right-sized asynchronous project', 33, 427),
(428, 460, 'Versatile content-based infrastructure', 16, 428),
(429, 121, 'Networked optimizing help-desk', 30, 429),
(430, 76, 'User-friendly transitional local area network', 16, 430),
(431, 282, 'Versatile upward-trending initiative', 16, 431),
(432, 13, 'Networked directional knowledge user', 19, 432),
(433, 318, 'Secured leading edge artificial intelligence', 9, 433),
(434, 310, 'Intuitive leading edge pricing structure', 47, 434),
(435, 496, 'Vision-oriented stable methodology', 37, 435),
(436, 281, 'Synergized solution-oriented collaboration', 6, 436),
(437, 89, 'Re-engineered dedicated matrix', 11, 437),
(438, 307, 'De-engineered transitional budgetary management', 29, 438),
(439, 331, 'Programmable zero defect groupware', 3, 439),
(440, 165, 'Vision-oriented hybrid pricing structure', 41, 440),
(441, 79, 'Assimilated explicit synergy', 8, 441),
(442, 458, 'Multi-tiered zero defect throughput', 49, 442),
(443, 189, 'Optional actuating budgetary management', 13, 443),
(444, 232, 'Adaptive disintermediate paradigm', 1, 444),
(445, 433, 'Open-architected 6th generation budgetary management', 39, 445),
(446, 185, 'Synergized even-keeled policy', 19, 446),
(447, 356, 'Robust next generation initiative', 20, 447),
(448, 279, 'Realigned zero defect definition', 29, 448),
(449, 418, 'Distributed methodical knowledge user', 7, 449),
(450, 459, 'Open-source system-worthy artificial intelligence', 47, 450),
(451, 462, 'Customer-focused transitional budgetary management', 49, 451),
(452, 241, 'Quality-focused zero tolerance groupware', 23, 452),
(453, 492, 'Future-proofed human-resource middleware', 46, 453),
(454, 77, 'Profit-focused intermediate capacity', 9, 454),
(455, 409, 'Multi-tiered object-oriented access', 22, 455),
(456, 224, 'Phased asymmetric superstructure', 49, 456),
(457, 284, 'Profound web-enabled ability', 36, 457),
(458, 336, 'Cross-group background middleware', 13, 458),
(459, 326, 'Public-key leading edge protocol', 17, 459),
(460, 205, 'Business-focused stable projection', 24, 460),
(461, 243, 'Multi-layered even-keeled adapter', 46, 461),
(462, 34, 'Upgradable web-enabled adapter', 13, 462),
(463, 337, 'Persevering eco-centric customer loyalty', 25, 463),
(464, 494, 'Devolved object-oriented array', 47, 464),
(465, 234, 'Open-source coherent access', 23, 465),
(466, 286, 'Visionary tangible standardization', 36, 466),
(467, 448, 'Diverse even-keeled contingency', 31, 467),
(468, 143, 'Advanced well-modulated open system', 13, 468),
(469, 497, 'Multi-channelled clear-thinking approach', 26, 469),
(470, 80, 'Phased contextually-based standardization', 23, 470),
(471, 134, 'Balanced radical conglomeration', 17, 471),
(472, 240, 'Profound real-time approach', 35, 472),
(473, 120, 'Face to face dedicated matrix', 49, 473),
(474, 56, 'Business-focused explicit knowledge base', 9, 474),
(475, 396, 'Customizable bandwidth-monitored internet solution', 8, 475),
(476, 133, 'Quality-focused object-oriented access', 31, 476),
(477, 476, 'Sharable contextually-based superstructure', 1, 477),
(478, 446, 'Future-proofed transitional solution', 11, 478),
(479, 227, 'User-centric multi-state toolset', 43, 479),
(480, 417, 'Right-sized empowering hub', 8, 480),
(481, 271, 'Balanced grid-enabled policy', 17, 481),
(482, 155, 'Streamlined responsive synergy', 33, 482),
(483, 367, 'Universal composite project', 32, 483),
(484, 60, 'Business-focused global database', 32, 484),
(485, 270, 'Secured high-level complexity', 25, 485),
(486, 84, 'Enhanced multi-state complexity', 20, 486),
(487, 166, 'Stand-alone 5th generation focus group', 11, 487),
(488, 438, 'Public-key web-enabled archive', 32, 488),
(489, 110, 'Multi-tiered eco-centric hierarchy', 2, 489),
(490, 469, 'Balanced fresh-thinking access', 1, 490),
(491, 128, 'Versatile motivating groupware', 33, 491),
(492, 419, 'Devolved zero tolerance alliance', 43, 492),
(493, 117, 'Robust responsive portal', 16, 493),
(494, 211, 'Persevering neutral product', 44, 494),
(495, 106, 'Devolved exuding application', 3, 495),
(496, 259, 'Managed responsive function', 34, 496),
(497, 337, 'Networked neutral info-mediaries', 46, 497),
(498, 48, 'Intuitive clear-thinking extranet', 34, 498),
(499, 266, 'Right-sized asynchronous capability', 35, 499),
(500, 364, 'Decentralized mission-critical attitude', 45, 500),
(501, 214, 'Fully-configurable modular time-frame', 16, 501),
(502, 318, 'Secured multimedia productivity', 50, 502),
(503, 361, 'Vision-oriented coherent implementation', 25, 503),
(504, 192, 'User-centric actuating adapter', 22, 504),
(505, 130, 'De-engineered contextually-based forecast', 19, 505),
(506, 345, 'Visionary static synergy', 41, 506),
(507, 444, 'Future-proofed bi-directional challenge', 26, 507),
(508, 24, 'Decentralized fresh-thinking collaboration', 49, 508),
(509, 46, 'Digitized value-added initiative', 16, 509),
(510, 234, 'Ameliorated web-enabled core', 37, 510),
(511, 81, 'Networked 4th generation challenge', 3, 511),
(512, 35, 'Robust asymmetric leverage', 21, 512),
(513, 89, 'Persistent background encoding', 42, 513),
(514, 236, 'Advanced contextually-based algorithm', 40, 514),
(515, 464, 'Networked systematic archive', 27, 515),
(516, 11, 'Synergized directional artificial intelligence', 1, 516),
(517, 385, 'Phased demand-driven capacity', 38, 517),
(518, 53, 'User-centric demand-driven software', 39, 518),
(519, 468, 'Focused multimedia methodology', 15, 519),
(520, 202, 'Configurable optimal utilisation', 17, 520),
(521, 390, 'Customer-focused upward-trending analyzer', 47, 521),
(522, 134, 'Polarised actuating capacity', 14, 522),
(523, 61, 'Open-architected cohesive orchestration', 5, 523),
(524, 198, 'Fundamental intermediate adapter', 45, 524),
(525, 156, 'Intuitive 6th generation capability', 24, 525),
(526, 235, 'Enhanced secondary access', 43, 526),
(527, 312, 'Business-focused 6th generation toolset', 49, 527),
(528, 399, 'Diverse heuristic monitoring', 7, 528),
(529, 488, 'Synergistic 24 hour paradigm', 22, 529),
(530, 249, 'Down-sized explicit throughput', 18, 530),
(531, 336, 'Object-based local functionalities', 24, 531),
(532, 499, 'Up-sized user-facing attitude', 49, 532),
(533, 88, 'Vision-oriented responsive functionalities', 41, 533),
(534, 300, 'Extended discrete encoding', 2, 534),
(535, 11, 'Business-focused 3rd generation success', 34, 535),
(536, 12, 'Realigned methodical knowledge base', 37, 536),
(537, 10, 'Multi-tiered bandwidth-monitored matrix', 29, 537),
(538, 25, 'Streamlined solution-oriented open system', 14, 538),
(539, 424, 'Triple-buffered bifurcated knowledge user', 35, 539),
(540, 345, 'Adaptive solution-oriented conglomeration', 13, 540),
(541, 369, 'Advanced upward-trending array', 37, 541),
(542, 464, 'Business-focused eco-centric hardware', 47, 542),
(543, 486, 'Re-engineered full-range time-frame', 43, 543),
(544, 34, 'Proactive asymmetric model', 17, 544),
(545, 263, 'Diverse empowering implementation', 46, 545),
(546, 179, 'Mandatory demand-driven budgetary management', 50, 546),
(547, 18, 'Sharable zero tolerance time-frame', 27, 547),
(548, 360, 'Robust transitional protocol', 29, 548),
(549, 220, 'Automated cohesive contingency', 8, 549),
(550, 423, 'Face to face fresh-thinking implementation', 20, 550),
(551, 487, 'Open-source bifurcated protocol', 48, 551),
(552, 381, 'Realigned holistic utilisation', 1, 552),
(553, 116, 'Virtual next generation knowledge user', 24, 553),
(554, 238, 'Future-proofed mobile function', 47, 554),
(555, 216, 'Integrated heuristic task-force', 4, 555),
(556, 423, 'Team-oriented human-resource array', 26, 556),
(557, 395, 'Ergonomic encompassing data-warehouse', 17, 557),
(558, 356, 'Ergonomic contextually-based capacity', 19, 558),
(559, 121, 'Synergistic maximized customer loyalty', 36, 559),
(560, 287, 'Team-oriented secondary product', 4, 560),
(561, 213, 'Cross-group multi-tasking matrices', 13, 561),
(562, 128, 'Open-architected reciprocal adapter', 43, 562),
(563, 328, 'Synchronised solution-oriented strategy', 26, 563),
(564, 494, 'Optimized value-added hierarchy', 14, 564),
(565, 83, 'Multi-tiered fault-tolerant protocol', 6, 565),
(566, 224, 'Integrated 5th generation neural-net', 23, 566),
(567, 162, 'Inverse optimizing access', 33, 567),
(568, 78, 'Visionary exuding migration', 42, 568),
(569, 417, 'Profound contextually-based benchmark', 40, 569),
(570, 167, 'Managed client-driven capacity', 23, 570),
(571, 301, 'Polarised zero defect open architecture', 33, 571),
(572, 264, 'Universal secondary framework', 44, 572),
(573, 136, 'Seamless clear-thinking hardware', 28, 573),
(574, 99, 'Configurable dynamic encryption', 25, 574),
(575, 469, 'Cross-platform next generation time-frame', 47, 575),
(576, 263, 'Focused dynamic capability', 32, 576),
(577, 460, 'Optimized 5th generation strategy', 32, 577),
(578, 28, 'Synergistic tangible solution', 2, 578),
(579, 465, 'Profound well-modulated open architecture', 21, 579),
(580, 27, 'Reactive intangible paradigm', 47, 580),
(581, 217, 'Open-source multi-state migration', 18, 581),
(582, 269, 'Organized foreground help-desk', 37, 582),
(583, 81, 'Assimilated multimedia forecast', 35, 583),
(584, 11, 'Devolved mobile installation', 46, 584),
(585, 496, 'Networked intangible productivity', 46, 585),
(586, 497, 'Configurable intermediate groupware', 3, 586),
(587, 113, 'Fully-configurable transitional benchmark', 26, 587),
(588, 487, 'Customer-focused explicit model', 33, 588),
(589, 402, 'Object-based client-server functionalities', 43, 589),
(590, 305, 'Synergistic high-level conglomeration', 46, 590),
(591, 30, 'Innovative tertiary encryption', 10, 591),
(592, 57, 'Innovative stable artificial intelligence', 39, 592),
(593, 243, 'Pre-emptive context-sensitive local area network', 13, 593),
(594, 185, 'Optional motivating methodology', 33, 594),
(595, 157, 'Networked incremental architecture', 32, 595),
(596, 159, 'Implemented regional product', 6, 596),
(597, 26, 'Configurable secondary projection', 15, 597),
(598, 240, 'Future-proofed intermediate parallelism', 12, 598),
(599, 159, 'Organized user-facing leverage', 30, 599),
(600, 17, 'Customer-focused didactic frame', 22, 600),
(601, 152, 'Multi-tiered intangible paradigm', 11, 601),
(602, 48, 'Exclusive 5th generation function', 19, 602),
(603, 288, 'Focused needs-based paradigm', 17, 603),
(604, 57, 'Operative fresh-thinking help-desk', 21, 604),
(605, 499, 'Future-proofed 24/7 access', 25, 605),
(606, 53, 'Proactive grid-enabled Graphical User Interface', 10, 606),
(607, 152, 'Enterprise-wide multi-state secured line', 28, 607),
(608, 237, 'Focused methodical firmware', 26, 608),
(609, 422, 'Open-architected responsive website', 10, 609),
(610, 227, 'Multi-layered fault-tolerant capacity', 32, 610),
(611, 159, 'Re-engineered modular benchmark', 44, 611),
(612, 278, 'Operative dedicated standardization', 3, 612),
(613, 235, 'Sharable asymmetric Graphic Interface', 16, 613),
(614, 95, 'Profound uniform functionalities', 7, 614),
(615, 180, 'Realigned mission-critical standardization', 37, 615),
(616, 445, 'Secured analyzing standardization', 39, 616),
(617, 13, 'Implemented responsive task-force', 38, 617),
(618, 89, 'Team-oriented grid-enabled encryption', 44, 618),
(619, 484, 'Digitized exuding emulation', 44, 619),
(620, 232, 'Streamlined even-keeled time-frame', 6, 620),
(621, 421, 'Ameliorated empowering moderator', 46, 621),
(622, 40, 'Horizontal fresh-thinking hierarchy', 23, 622),
(623, 350, 'Multi-channelled intangible framework', 12, 623),
(624, 237, 'Organic empowering Graphical User Interface', 4, 624),
(625, 47, 'Secured explicit structure', 17, 625),
(626, 400, 'Automated object-oriented protocol', 40, 626),
(627, 228, 'Expanded disintermediate software', 46, 627),
(628, 104, 'Devolved multimedia product', 38, 628),
(629, 157, 'Business-focused hybrid infrastructure', 29, 629),
(630, 19, 'Pre-emptive even-keeled alliance', 46, 630),
(631, 366, 'Multi-tiered full-range utilisation', 44, 631),
(632, 122, 'Progressive user-facing architecture', 38, 632),
(633, 256, 'Programmable explicit conglomeration', 41, 633),
(634, 399, 'Adaptive empowering algorithm', 26, 634),
(635, 99, 'Upgradable full-range data-warehouse', 13, 635),
(636, 110, 'Customizable even-keeled functionalities', 6, 636),
(637, 500, 'Multi-layered uniform instruction set', 41, 637),
(638, 253, 'Assimilated mission-critical knowledge base', 3, 638),
(639, 16, 'Expanded web-enabled focus group', 2, 639),
(640, 203, 'Cloned background benchmark', 11, 640),
(641, 400, 'Pre-emptive solution-oriented firmware', 32, 641),
(642, 464, 'Enterprise-wide motivating matrices', 37, 642),
(643, 226, 'Organic interactive benchmark', 11, 643),
(644, 183, 'Configurable client-driven software', 41, 644),
(645, 273, 'Front-line mobile open system', 23, 645),
(646, 425, 'Reactive 24/7 software', 37, 646),
(647, 149, 'Re-engineered object-oriented paradigm', 10, 647),
(648, 77, 'Customizable local function', 24, 648),
(649, 191, 'Programmable zero tolerance toolset', 23, 649),
(650, 158, 'Configurable dedicated alliance', 38, 650),
(651, 493, 'Compatible interactive definition', 14, 651),
(652, 54, 'Automated national analyzer', 3, 652),
(653, 446, 'Exclusive value-added contingency', 49, 653),
(654, 416, 'Enhanced neutral analyzer', 10, 654),
(655, 364, 'Robust secondary orchestration', 36, 655),
(656, 261, 'Mandatory heuristic concept', 37, 656),
(657, 173, 'Polarised client-server project', 39, 657),
(658, 372, 'Synergistic user-facing neural-net', 2, 658),
(659, 312, 'Distributed needs-based orchestration', 32, 659),
(660, 187, 'Managed disintermediate approach', 6, 660),
(661, 208, 'Progressive full-range definition', 30, 661),
(662, 470, 'Proactive solution-oriented internet solution', 49, 662),
(663, 146, 'Upgradable maximized monitoring', 11, 663),
(664, 390, 'Devolved intermediate neural-net', 35, 664),
(665, 214, 'Centralized real-time capability', 25, 665),
(666, 149, 'Devolved systematic throughput', 44, 666),
(667, 401, 'Secured non-volatile instruction set', 28, 667),
(668, 331, 'Profit-focused composite circuit', 46, 668),
(669, 245, 'Innovative motivating attitude', 23, 669),
(670, 74, 'Re-engineered context-sensitive capacity', 17, 670),
(671, 358, 'Adaptive needs-based service-desk', 2, 671),
(672, 195, 'Organic interactive policy', 42, 672),
(673, 109, 'Centralized impactful parallelism', 31, 673),
(674, 94, 'Extended eco-centric moderator', 44, 674),
(675, 334, 'Persistent disintermediate synergy', 9, 675),
(676, 378, 'Optimized non-volatile paradigm', 26, 676),
(677, 269, 'Self-enabling value-added monitoring', 16, 677),
(678, 203, 'Vision-oriented client-server database', 49, 678),
(679, 185, 'Progressive value-added hierarchy', 44, 679),
(680, 406, 'Public-key leading edge database', 41, 680),
(681, 357, 'Multi-tiered uniform website', 21, 681),
(682, 445, 'Proactive needs-based help-desk', 48, 682),
(683, 24, 'Inverse user-facing definition', 12, 683),
(684, 342, 'Vision-oriented 5th generation complexity', 6, 684),
(685, 187, 'Robust high-level system engine', 14, 685),
(686, 61, 'Visionary composite analyzer', 39, 686),
(687, 267, 'Ergonomic reciprocal intranet', 48, 687),
(688, 46, 'Total heuristic archive', 13, 688),
(689, 486, 'Fully-configurable regional attitude', 45, 689),
(690, 125, 'Public-key upward-trending help-desk', 25, 690),
(691, 286, 'Digitized heuristic frame', 39, 691),
(692, 288, 'Re-engineered directional function', 6, 692),
(693, 348, 'Mandatory 4th generation internet solution', 11, 693),
(694, 417, 'Streamlined impactful architecture', 50, 694),
(695, 143, 'Up-sized secondary system engine', 47, 695),
(696, 75, 'Future-proofed zero defect encoding', 28, 696),
(697, 100, 'Ergonomic bi-directional flexibility', 46, 697),
(698, 225, 'Expanded heuristic focus group', 1, 698),
(699, 333, 'Inverse eco-centric groupware', 50, 699),
(700, 191, 'Optional high-level open architecture', 27, 700),
(701, 383, 'Self-enabling client-driven solution', 31, 701),
(702, 105, 'Re-engineered coherent capability', 50, 702),
(703, 293, 'Triple-buffered empowering firmware', 12, 703),
(704, 411, 'Fully-configurable local monitoring', 44, 704),
(705, 402, 'Proactive tangible contingency', 50, 705),
(706, 235, 'Switchable real-time function', 17, 706),
(707, 35, 'Synergized exuding website', 47, 707),
(708, 175, 'Adaptive user-facing intranet', 4, 708),
(709, 63, 'Devolved contextually-based circuit', 27, 709),
(710, 44, 'Compatible bottom-line implementation', 24, 710),
(711, 330, 'Distributed contextually-based benchmark', 18, 711),
(712, 266, 'Self-enabling foreground function', 6, 712),
(713, 271, 'Cross-group discrete groupware', 18, 713),
(714, 31, 'Balanced discrete leverage', 23, 714),
(715, 356, 'Automated bi-directional data-warehouse', 3, 715),
(716, 473, 'Operative composite definition', 7, 716),
(717, 181, 'Enterprise-wide tertiary policy', 31, 717),
(718, 111, 'Re-engineered bottom-line analyzer', 27, 718),
(719, 376, 'Virtual bandwidth-monitored service-desk', 24, 719),
(720, 439, 'Fundamental eco-centric methodology', 34, 720),
(721, 336, 'Operative didactic secured line', 44, 721),
(722, 494, 'Open-architected leading edge contingency', 2, 722),
(723, 174, 'Sharable multimedia budgetary management', 49, 723),
(724, 267, 'Cloned heuristic project', 27, 724),
(725, 309, 'Integrated contextually-based process improvement', 30, 725),
(726, 127, 'Innovative scalable analyzer', 10, 726),
(727, 384, 'Configurable value-added algorithm', 36, 727),
(728, 479, 'Open-architected maximized migration', 30, 728),
(729, 234, 'Cloned client-driven attitude', 20, 729),
(730, 247, 'Devolved transitional framework', 20, 730),
(731, 460, 'Optimized transitional framework', 27, 731),
(732, 321, 'Customer-focused bottom-line encoding', 13, 732),
(733, 21, 'Total zero defect database', 40, 733),
(734, 330, 'Universal human-resource attitude', 50, 734),
(735, 386, 'Networked dedicated array', 20, 735),
(736, 307, 'Versatile static core', 32, 736),
(737, 222, 'Virtual multi-state initiative', 30, 737),
(738, 105, 'Operative needs-based archive', 5, 738),
(739, 77, 'Total dynamic policy', 46, 739),
(740, 472, 'Business-focused client-server migration', 19, 740),
(741, 345, 'Phased full-range intranet', 36, 741),
(742, 154, 'Enterprise-wide discrete alliance', 32, 742),
(743, 178, 'Devolved asynchronous hardware', 37, 743),
(744, 162, 'Self-enabling analyzing open system', 40, 744),
(745, 362, 'Horizontal even-keeled access', 44, 745),
(746, 185, 'Pre-emptive scalable circuit', 38, 746),
(747, 358, 'Horizontal fault-tolerant hub', 23, 747),
(748, 388, 'Intuitive demand-driven projection', 47, 748),
(749, 259, 'Realigned systematic projection', 28, 749),
(750, 98, 'Business-focused uniform website', 13, 750),
(751, 123, 'Switchable context-sensitive knowledge base', 3, 751),
(752, 379, 'Mandatory asymmetric strategy', 44, 752),
(753, 396, 'Networked real-time moratorium', 11, 753),
(754, 450, 'Switchable non-volatile task-force', 40, 754),
(755, 360, 'Team-oriented logistical concept', 22, 755),
(756, 164, 'Focused client-driven definition', 29, 756),
(757, 204, 'Digitized hybrid framework', 25, 757),
(758, 493, 'Open-source bi-directional info-mediaries', 25, 758),
(759, 404, 'Multi-lateral logistical function', 15, 759),
(760, 310, 'Cross-platform bandwidth-monitored framework', 19, 760),
(761, 82, 'Configurable solution-oriented artificial intelligence', 32, 761),
(762, 113, 'Reduced neutral knowledge base', 23, 762),
(763, 296, 'Programmable 5th generation Graphic Interface', 14, 763),
(764, 197, 'Proactive secondary paradigm', 42, 764),
(765, 36, 'Self-enabling coherent capacity', 17, 765),
(766, 106, 'Innovative 6th generation project', 42, 766),
(767, 454, 'Versatile mission-critical paradigm', 23, 767),
(768, 140, 'Centralized multi-state alliance', 23, 768),
(769, 449, 'Virtual upward-trending conglomeration', 49, 769),
(770, 38, 'Multi-tiered encompassing flexibility', 48, 770),
(771, 158, 'Upgradable bottom-line internet solution', 22, 771),
(772, 487, 'Integrated systematic software', 10, 772),
(773, 280, 'Cross-platform 5th generation adapter', 20, 773),
(774, 396, 'Multi-tiered non-volatile paradigm', 33, 774),
(775, 77, 'Devolved stable monitoring', 8, 775),
(776, 153, 'Phased responsive paradigm', 43, 776),
(777, 65, 'De-engineered value-added protocol', 17, 777),
(778, 343, 'Multi-lateral actuating moderator', 36, 778),
(779, 314, 'Enhanced fault-tolerant initiative', 11, 779),
(780, 375, 'Synergistic directional process improvement', 38, 780),
(781, 395, 'Diverse interactive secured line', 15, 781),
(782, 144, 'Configurable client-server success', 13, 782),
(783, 89, 'Re-contextualized local application', 13, 783),
(784, 57, 'Reverse-engineered analyzing secured line', 43, 784),
(785, 452, 'Synergistic next generation throughput', 3, 785),
(786, 362, 'Phased local budgetary management', 19, 786),
(787, 269, 'Multi-channelled 6th generation middleware', 29, 787),
(788, 49, 'Adaptive bandwidth-monitored encoding', 24, 788),
(789, 240, 'Extended clear-thinking approach', 11, 789),
(790, 482, 'Adaptive tertiary model', 20, 790),
(791, 95, 'Down-sized regional product', 38, 791),
(792, 380, 'Cross-group bandwidth-monitored focus group', 41, 792),
(793, 286, 'Automated user-facing interface', 10, 793),
(794, 447, 'Exclusive executive contingency', 9, 794),
(795, 10, 'Vision-oriented demand-driven conglomeration', 15, 795),
(796, 353, 'Decentralized motivating policy', 33, 796),
(797, 97, 'Visionary 6th generation groupware', 30, 797),
(798, 399, 'Polarised non-volatile moderator', 13, 798),
(799, 406, 'Profit-focused attitude-oriented knowledge base', 28, 799),
(800, 213, 'Synchronised mission-critical orchestration', 24, 800),
(801, 32, 'Decentralized homogeneous project', 31, 801),
(802, 245, 'Decentralized zero tolerance structure', 32, 802),
(803, 323, 'Right-sized mobile infrastructure', 32, 803),
(804, 10, 'Adaptive systematic initiative', 4, 804),
(805, 405, 'Distributed intangible ability', 22, 805),
(806, 270, 'Multi-channelled encompassing internet solution', 21, 806),
(807, 393, 'Cross-group tangible process improvement', 3, 807),
(808, 326, 'Configurable executive moderator', 40, 808),
(809, 288, 'Persevering executive application', 33, 809),
(810, 98, 'Future-proofed didactic paradigm', 13, 810),
(811, 128, 'Phased 6th generation analyzer', 32, 811),
(812, 87, 'Advanced encompassing installation', 30, 812),
(813, 143, 'Organic transitional solution', 4, 813),
(814, 493, 'Upgradable responsive emulation', 21, 814),
(815, 23, 'Sharable real-time groupware', 18, 815),
(816, 230, 'Fully-configurable secondary task-force', 14, 816),
(817, 46, 'Optimized 3rd generation moratorium', 46, 817),
(818, 304, 'Ameliorated homogeneous focus group', 36, 818),
(819, 41, 'Total tertiary pricing structure', 30, 819),
(820, 222, 'Balanced client-driven frame', 34, 820),
(821, 248, 'Virtual client-server extranet', 7, 821),
(822, 59, 'Inverse multi-tasking success', 21, 822),
(823, 189, 'Ameliorated 24/7 intranet', 28, 823),
(824, 459, 'Function-based hybrid archive', 23, 824),
(825, 374, 'Cross-platform uniform superstructure', 35, 825),
(826, 130, 'Multi-layered homogeneous parallelism', 43, 826),
(827, 395, 'Organic cohesive capability', 31, 827),
(828, 279, 'Right-sized demand-driven attitude', 26, 828),
(829, 486, 'Open-architected bi-directional interface', 23, 829),
(830, 316, 'Programmable asymmetric approach', 46, 830),
(831, 151, 'Fundamental empowering projection', 2, 831),
(832, 340, 'Synchronised client-server workforce', 45, 832),
(833, 188, 'Devolved interactive firmware', 50, 833),
(834, 396, 'Managed maximized data-warehouse', 10, 834),
(835, 13, 'Future-proofed foreground budgetary management', 34, 835),
(836, 401, 'Multi-lateral asymmetric monitoring', 4, 836),
(837, 235, 'Robust multimedia access', 16, 837),
(838, 342, 'Public-key full-range hardware', 24, 838),
(839, 361, 'Automated executive alliance', 15, 839),
(840, 391, 'Versatile mission-critical pricing structure', 35, 840),
(841, 143, 'Exclusive modular framework', 2, 841),
(842, 404, 'Advanced 24 hour budgetary management', 14, 842),
(843, 151, 'Secured systematic flexibility', 3, 843),
(844, 139, 'Up-sized encompassing architecture', 45, 844),
(845, 414, 'Mandatory contextually-based monitoring', 5, 845),
(846, 223, 'Innovative eco-centric methodology', 37, 846),
(847, 461, 'Open-architected fresh-thinking concept', 21, 847),
(848, 209, 'Monitored even-keeled policy', 17, 848),
(849, 102, 'Streamlined cohesive array', 16, 849),
(850, 278, 'Optional bifurcated definition', 49, 850),
(851, 204, 'Innovative leading edge concept', 10, 851),
(852, 215, 'Advanced intangible help-desk', 19, 852),
(853, 235, 'Progressive contextually-based attitude', 27, 853),
(854, 92, 'Extended responsive Graphical User Interface', 14, 854),
(855, 337, 'Future-proofed reciprocal access', 37, 855),
(856, 332, 'Configurable asynchronous challenge', 25, 856),
(857, 417, 'Face to face background workforce', 24, 857),
(858, 459, 'Customizable asynchronous moderator', 42, 858),
(859, 390, 'Adaptive regional algorithm', 41, 859),
(860, 85, 'Quality-focused asynchronous workforce', 18, 860),
(861, 178, 'Cloned transitional productivity', 38, 861),
(862, 472, 'Function-based even-keeled customer loyalty', 17, 862),
(863, 452, 'User-friendly 24/7 task-force', 13, 863),
(864, 236, 'User-friendly zero tolerance knowledge base', 30, 864),
(865, 361, 'Networked zero tolerance focus group', 1, 865),
(866, 470, 'User-friendly encompassing info-mediaries', 9, 866),
(867, 39, 'Multi-layered regional open system', 45, 867),
(868, 422, 'Profit-focused scalable adapter', 47, 868),
(869, 456, 'Fundamental even-keeled project', 5, 869),
(870, 127, 'Synchronised mission-critical matrices', 7, 870),
(871, 100, 'Implemented web-enabled groupware', 48, 871),
(872, 75, 'Multi-layered solution-oriented throughput', 1, 872),
(873, 33, 'Robust asymmetric parallelism', 14, 873),
(874, 469, 'Progressive 4th generation focus group', 13, 874),
(875, 115, 'Optional modular knowledge base', 24, 875),
(876, 135, 'Reverse-engineered methodical forecast', 36, 876),
(877, 346, 'Cross-platform composite paradigm', 41, 877),
(878, 423, 'Horizontal actuating forecast', 10, 878),
(879, 160, 'Versatile bandwidth-monitored middleware', 5, 879),
(880, 433, 'Visionary executive alliance', 13, 880),
(881, 61, 'Cross-group tangible hub', 12, 881),
(882, 474, 'Diverse global moderator', 49, 882),
(883, 480, 'Enhanced zero defect paradigm', 24, 883),
(884, 160, 'Polarised asymmetric toolset', 16, 884),
(885, 302, 'Front-line didactic groupware', 38, 885),
(886, 31, 'Visionary static approach', 15, 886),
(887, 311, 'Phased mobile emulation', 32, 887),
(888, 162, 'Stand-alone intermediate framework', 28, 888),
(889, 198, 'Implemented well-modulated productivity', 44, 889),
(890, 456, 'Public-key zero defect flexibility', 5, 890),
(891, 147, 'Proactive scalable data-warehouse', 39, 891);
INSERT INTO `pembayaran` (`id_pembayaran`, `jumlah_pembayaran`, `detail_pembayaran`, `id_staff`, `id_pemesanan`) VALUES
(892, 156, 'Reduced asymmetric paradigm', 16, 892),
(893, 33, 'Robust real-time functionalities', 8, 893),
(894, 201, 'Right-sized human-resource circuit', 36, 894),
(895, 225, 'Front-line high-level analyzer', 1, 895),
(896, 103, 'Re-engineered cohesive array', 12, 896),
(897, 121, 'Stand-alone web-enabled artificial intelligence', 6, 897),
(898, 499, 'Profound zero administration ability', 48, 898),
(899, 343, 'Ameliorated intermediate process improvement', 23, 899),
(900, 80, 'Automated 24/7 process improvement', 49, 900),
(901, 220, 'Multi-lateral impactful knowledge user', 30, 901),
(902, 269, 'Customer-focused attitude-oriented framework', 22, 902),
(903, 327, 'Sharable national structure', 29, 903),
(904, 216, 'Monitored user-facing initiative', 23, 904),
(905, 312, 'Synchronised demand-driven flexibility', 49, 905),
(906, 432, 'Devolved empowering application', 35, 906),
(907, 249, 'Cross-platform tangible knowledge base', 21, 907),
(908, 160, 'Ergonomic client-driven utilisation', 43, 908),
(909, 340, 'Polarised analyzing time-frame', 33, 909),
(910, 304, 'Operative tangible secured line', 38, 910),
(911, 472, 'Re-engineered systematic matrices', 50, 911),
(912, 348, 'Secured real-time hardware', 42, 912),
(913, 190, 'Triple-buffered systematic framework', 7, 913),
(914, 193, 'Ameliorated bottom-line methodology', 28, 914),
(915, 213, 'Decentralized neutral focus group', 33, 915),
(916, 400, 'Progressive holistic methodology', 16, 916),
(917, 64, 'Virtual modular knowledge user', 36, 917),
(918, 97, 'Programmable solution-oriented superstructure', 41, 918),
(919, 315, 'Expanded bi-directional implementation', 11, 919),
(920, 196, 'Progressive solution-oriented concept', 28, 920),
(921, 479, 'Optional bi-directional model', 23, 921),
(922, 370, 'Universal user-facing website', 7, 922),
(923, 14, 'Face to face 4th generation instruction set', 13, 923),
(924, 222, 'Cloned grid-enabled neural-net', 20, 924),
(925, 195, 'Optimized systematic capability', 31, 925),
(926, 472, 'Proactive fresh-thinking flexibility', 34, 926),
(927, 337, 'Decentralized object-oriented alliance', 46, 927),
(928, 45, 'Innovative transitional methodology', 47, 928),
(929, 154, 'Vision-oriented client-server website', 25, 929),
(930, 277, 'Distributed holistic parallelism', 44, 930),
(931, 475, 'Centralized tangible flexibility', 36, 931),
(932, 292, 'User-centric actuating help-desk', 18, 932),
(933, 257, 'Advanced zero tolerance Graphic Interface', 10, 933),
(934, 303, 'Re-engineered client-server function', 18, 934),
(935, 447, 'Focused uniform knowledge user', 31, 935),
(936, 124, 'Organic contextually-based hub', 22, 936),
(937, 265, 'Innovative leading edge portal', 34, 937),
(938, 422, 'Profit-focused eco-centric website', 19, 938),
(939, 185, 'Function-based zero administration standardization', 46, 939),
(940, 145, 'Expanded national service-desk', 47, 940),
(941, 244, 'Universal client-server structure', 24, 941),
(942, 333, 'Synchronised directional knowledge base', 7, 942),
(943, 58, 'Reactive zero defect utilisation', 35, 943),
(944, 226, 'Synchronised zero administration leverage', 39, 944),
(945, 230, 'Intuitive impactful moratorium', 44, 945),
(946, 145, 'De-engineered static framework', 47, 946),
(947, 464, 'Networked clear-thinking instruction set', 10, 947),
(948, 345, 'Assimilated regional system engine', 44, 948),
(949, 124, 'Grass-roots intangible initiative', 8, 949),
(950, 221, 'Object-based hybrid instruction set', 19, 950),
(951, 363, 'Self-enabling next generation model', 12, 951),
(952, 131, 'Face to face transitional core', 34, 952),
(953, 431, 'Ergonomic zero tolerance portal', 17, 953),
(954, 298, 'Horizontal bifurcated help-desk', 28, 954),
(955, 224, 'Reduced dedicated model', 46, 955),
(956, 301, 'Total regional initiative', 20, 956),
(957, 499, 'Advanced intermediate approach', 36, 957),
(958, 256, 'Adaptive attitude-oriented local area network', 17, 958),
(959, 428, 'User-centric leading edge project', 14, 959),
(960, 476, 'User-centric composite definition', 23, 960),
(961, 103, 'Mandatory attitude-oriented emulation', 5, 961),
(962, 500, 'Open-source didactic matrices', 7, 962),
(963, 172, 'Cross-group context-sensitive hierarchy', 25, 963),
(964, 217, 'Realigned composite capability', 26, 964),
(965, 70, 'Function-based scalable functionalities', 38, 965),
(966, 324, 'Up-sized scalable archive', 44, 966),
(967, 460, 'Self-enabling systematic alliance', 29, 967),
(968, 387, 'Business-focused interactive architecture', 4, 968),
(969, 463, 'Operative intermediate archive', 49, 969),
(970, 276, 'Business-focused disintermediate complexity', 43, 970),
(971, 44, 'Digitized clear-thinking open system', 28, 971),
(972, 57, 'Digitized heuristic monitoring', 24, 972),
(973, 329, 'User-friendly bifurcated monitoring', 17, 973),
(974, 146, 'Open-architected background methodology', 32, 974),
(975, 445, 'Programmable discrete definition', 45, 975),
(976, 297, 'Right-sized content-based paradigm', 44, 976),
(977, 85, 'De-engineered demand-driven knowledge user', 18, 977),
(978, 361, 'Total real-time standardization', 37, 978),
(979, 392, 'Programmable exuding infrastructure', 6, 979),
(980, 468, 'Total multi-state ability', 7, 980),
(981, 106, 'Polarised scalable throughput', 28, 981),
(982, 132, 'Profit-focused background hardware', 36, 982),
(983, 391, 'Phased systematic collaboration', 45, 983),
(984, 246, 'Versatile homogeneous service-desk', 27, 984),
(985, 150, 'Customer-focused secondary success', 25, 985),
(986, 470, 'Vision-oriented executive Graphical User Interface', 28, 986),
(987, 432, 'Multi-channelled transitional software', 23, 987),
(988, 85, 'Triple-buffered context-sensitive customer loyalty', 30, 988),
(989, 455, 'Future-proofed directional Graphic Interface', 46, 989),
(990, 469, 'Decentralized next generation model', 44, 990),
(991, 175, 'Expanded responsive Graphic Interface', 31, 991),
(992, 218, 'Synchronised hybrid forecast', 24, 992),
(993, 152, 'Right-sized multi-tasking monitoring', 46, 993),
(994, 128, 'Multi-channelled 6th generation implementation', 14, 994),
(995, 186, 'Optimized scalable installation', 44, 995),
(996, 343, 'Sharable impactful extranet', 22, 996),
(997, 352, 'Optimized executive circuit', 38, 997),
(998, 144, 'Grass-roots client-server matrices', 34, 998),
(999, 459, 'Seamless asynchronous orchestration', 13, 999),
(1000, 186, 'Re-engineered responsive process improvement', 49, 1000);

-- --------------------------------------------------------

--
-- Table structure for table `pemesanan`
--

CREATE TABLE `pemesanan` (
  `id_pemesanan` int(11) NOT NULL,
  `tanggal_pemesanan` date DEFAULT NULL,
  `id_customer` int(11) DEFAULT NULL,
  `id_hewan` int(11) DEFAULT NULL,
  `id_pakan` int(11) DEFAULT NULL
) ENGINE=InnoDB DEFAULT CHARSET=utf8mb4 COLLATE=utf8mb4_general_ci;

--
-- Dumping data for table `pemesanan`
--

INSERT INTO `pemesanan` (`id_pemesanan`, `tanggal_pemesanan`, `id_customer`, `id_hewan`, `id_pakan`) VALUES
(1, '2023-09-02', 270, 8, 2),
(2, '2023-03-21', 140, 5, 9),
(3, '2023-08-11', 4, 7, 8),
(4, '2023-11-14', 109, 10, 1),
(5, '2023-10-11', 441, 10, 3),
(6, '2023-08-09', 70, 4, 2),
(7, '2023-11-02', 479, 1, 7),
(8, '2023-09-10', 382, 8, 2),
(9, '2023-10-04', 314, 2, NULL),
(10, '2023-03-06', 93, 4, 1),
(11, '2023-03-19', 318, 8, 7),
(12, '2023-09-14', 20, 2, 5),
(13, '2023-02-09', 221, 8, 2),
(14, '2023-02-24', 74, 5, 5),
(15, '2023-06-25', 382, 9, 9),
(16, '2023-04-18', 141, 9, 10),
(17, '2023-08-14', 252, 7, 8),
(18, '2023-12-03', 356, 5, 4),
(19, '2023-03-04', 362, 3, NULL),
(20, '2023-08-21', 327, 1, 5),
(21, '2023-05-09', 489, 4, NULL),
(22, '2023-05-27', 161, 1, 2),
(23, '2023-06-03', 499, 2, 6),
(24, '2023-08-14', 434, 8, 4),
(25, '2023-04-13', 443, 5, 3),
(26, '2023-09-14', 73, 7, 1),
(27, '2022-12-29', 413, 3, 7),
(28, '2023-08-01', 169, 3, 7),
(29, '2022-12-16', 31, 2, 10),
(30, '2023-11-04', 377, 10, NULL),
(31, '2023-04-28', 200, 8, 10),
(32, '2023-11-06', 144, 8, 8),
(33, '2023-01-19', 188, 3, 4),
(34, '2023-08-21', 418, 4, 6),
(35, '2023-08-27', 227, 3, 7),
(36, '2022-12-28', 105, 1, 8),
(37, '2023-02-16', 100, 10, 2),
(38, '2023-08-14', 325, 2, 3),
(39, '2023-01-04', 290, 3, 9),
(40, '2023-11-08', 80, 6, 9),
(41, '2023-09-04', 135, 3, 9),
(42, '2023-11-20', 381, 6, 2),
(43, '2023-10-13', 241, 4, 10),
(44, '2023-11-10', 446, 8, 8),
(45, '2023-12-03', 103, 7, 6),
(46, '2023-07-25', 161, 6, 10),
(47, '2023-05-10', 54, 10, 10),
(48, '2023-02-25', 243, 3, 6),
(49, '2023-11-04', 149, 2, 1),
(50, '2023-02-10', 454, 1, NULL),
(51, '2023-11-07', 177, 6, 6),
(52, '2023-11-22', 352, 5, NULL),
(53, '2023-03-23', 97, 2, 7),
(54, '2022-12-31', 407, 9, 7),
(55, '2022-12-27', 322, 6, 4),
(56, '2023-12-05', 90, 1, 3),
(57, '2023-02-07', 119, 10, 8),
(58, '2023-09-03', 165, 6, 7),
(59, '2023-05-04', 377, 9, 3),
(60, '2023-12-09', 4, 5, 9),
(61, '2023-02-20', 322, 7, 10),
(62, '2023-05-30', 261, 6, 2),
(63, '2023-11-01', 252, 5, 4),
(64, '2023-10-21', 149, 1, 6),
(65, '2023-04-17', 390, 7, 4),
(66, '2023-11-09', 82, 9, 5),
(67, '2023-05-02', 126, 4, 9),
(68, '2023-07-12', 218, 4, 5),
(69, '2023-06-11', 436, 2, 2),
(70, '2023-02-19', 343, 8, 5),
(71, '2023-02-19', 205, 8, 6),
(72, '2023-08-02', 201, 9, 6),
(73, '2023-02-04', 130, 4, 6),
(74, '2023-08-17', 488, 6, NULL),
(75, '2023-03-13', 479, 10, 10),
(76, '2023-08-17', 82, 3, 10),
(77, '2023-11-26', 97, 3, 4),
(78, '2023-03-21', 135, 6, 8),
(79, '2023-01-29', 223, 6, 10),
(80, '2023-10-15', 186, 10, 9),
(81, '2023-07-16', 411, 1, 7),
(82, '2023-02-27', 291, 6, 1),
(83, '2023-07-05', 418, 6, 10),
(84, '2023-03-03', 51, 5, 1),
(85, '2023-02-18', 415, 7, 10),
(86, '2023-10-03', 35, 7, 10),
(87, '2023-08-18', 412, 5, 5),
(88, '2023-01-27', 18, 4, 7),
(89, '2023-10-23', 343, 8, 4),
(90, '2023-07-09', 331, 9, 5),
(91, '2023-10-12', 29, 3, 8),
(92, '2023-04-13', 391, 2, 3),
(93, '2023-05-27', 486, 4, NULL),
(94, '2023-10-23', 217, 1, NULL),
(95, '2023-04-10', 34, 5, 2),
(96, '2022-12-14', 496, 3, 8),
(97, '2023-03-08', 30, 8, 10),
(98, '2023-06-16', 471, 10, 3),
(99, '2023-03-24', 372, 9, 5),
(100, '2023-03-06', 129, 6, 5),
(101, '2023-09-16', 60, 3, 10),
(102, '2023-10-27', 327, 10, 10),
(103, '2023-06-12', 71, 10, 1),
(104, '2023-07-18', 498, 2, 7),
(105, '2023-09-12', 67, 3, NULL),
(106, '2023-10-19', 356, 9, 7),
(107, '2023-07-23', 217, 9, 4),
(108, '2023-04-08', 138, 6, 8),
(109, '2023-05-12', 165, 8, 9),
(110, '2023-02-13', 50, 3, NULL),
(111, '2023-01-16', 438, 1, 5),
(112, '2023-08-12', 272, 4, NULL),
(113, '2023-05-14', 443, 8, 10),
(114, '2023-10-22', 278, 10, 7),
(115, '2023-11-01', 235, 1, 9),
(116, '2023-11-03', 80, 5, 9),
(117, '2023-09-02', 10, 4, NULL),
(118, '2023-08-18', 309, 9, 5),
(119, '2023-05-27', 394, 8, 6),
(120, '2023-04-25', 352, 3, 6),
(121, '2023-06-11', 437, 8, 1),
(122, '2023-10-19', 55, 4, 7),
(123, '2023-02-14', 434, 10, NULL),
(124, '2023-02-10', 436, 4, 6),
(125, '2023-07-17', 145, 2, 2),
(126, '2023-09-12', 117, 6, 7),
(127, '2023-10-05', 116, 3, 2),
(128, '2023-03-31', 342, 2, 4),
(129, '2023-02-21', 62, 3, 3),
(130, '2023-01-23', 464, 10, 3),
(131, '2023-01-28', 401, 8, 5),
(132, '2023-12-10', 242, 7, 10),
(133, '2023-11-14', 278, 6, 7),
(134, '2023-06-15', 239, 6, NULL),
(135, '2023-11-06', 167, 3, 4),
(136, '2022-12-21', 430, 2, 1),
(137, '2023-08-14', 26, 5, 3),
(138, '2023-08-03', 473, 7, 4),
(139, '2023-08-25', 377, 6, 10),
(140, '2023-03-15', 22, 1, 9),
(141, '2023-05-25', 8, 10, NULL),
(142, '2023-06-30', 117, 2, 5),
(143, '2022-12-19', 221, 4, 6),
(144, '2023-07-24', 168, 2, 9),
(145, '2023-11-27', 185, 10, 4),
(146, '2023-10-27', 48, 2, 7),
(147, '2023-05-15', 485, 7, 3),
(148, '2023-06-09', 189, 1, 6),
(149, '2023-12-03', 209, 10, 1),
(150, '2023-10-23', 281, 10, 9),
(151, '2023-10-18', 43, 7, 1),
(152, '2023-01-26', 135, 10, 7),
(153, '2023-07-13', 409, 8, 9),
(154, '2023-04-24', 202, 1, 9),
(155, '2023-06-21', 135, 1, 10),
(156, '2023-09-10', 194, 8, 10),
(157, '2023-06-12', 150, 1, 7),
(158, '2023-09-04', 171, 8, 9),
(159, '2023-01-23', 320, 4, 5),
(160, '2022-12-28', 81, 10, 1),
(161, '2022-12-23', 270, 6, 3),
(162, '2023-02-14', 133, 9, 6),
(163, '2023-06-26', 417, 2, 9),
(164, '2023-06-04', 120, 9, 9),
(165, '2023-04-21', 126, 3, 9),
(166, '2023-11-14', 220, 10, 3),
(167, '2023-03-14', 449, 3, NULL),
(168, '2023-06-07', 233, 2, NULL),
(169, '2023-10-09', 184, 9, 2),
(170, '2023-06-04', 369, 5, NULL),
(171, '2023-10-18', 356, 4, 10),
(172, '2022-12-20', 85, 5, 9),
(173, '2023-11-12', 377, 10, 1),
(174, '2023-10-15', 273, 9, 10),
(175, '2023-03-12', 211, 8, 7),
(176, '2023-08-15', 231, 4, 9),
(177, '2023-03-12', 483, 6, 9),
(178, '2023-12-09', 366, 7, 6),
(179, '2023-06-06', 227, 2, 10),
(180, '2023-05-15', 445, 3, 6),
(181, '2022-12-18', 432, 5, 10),
(182, '2023-09-16', 73, 6, 9),
(183, '2023-10-14', 86, 10, 3),
(184, '2023-11-03', 102, 1, 3),
(185, '2023-07-22', 299, 9, 3),
(186, '2023-02-06', 296, 2, NULL),
(187, '2023-04-15', 475, 6, 2),
(188, '2023-04-13', 163, 7, 9),
(189, '2023-07-10', 94, 5, 5),
(190, '2023-04-06', 383, 4, 1),
(191, '2023-10-29', 314, 2, 8),
(192, '2023-04-16', 127, 9, 9),
(193, '2023-01-06', 437, 5, 3),
(194, '2023-02-22', 117, 9, NULL),
(195, '2022-12-27', 366, 8, 7),
(196, '2023-06-01', 136, 6, 3),
(197, '2023-10-18', 493, 4, 9),
(198, '2023-06-28', 252, 7, NULL),
(199, '2023-12-10', 155, 10, 10),
(200, '2023-11-25', 74, 8, 9),
(201, '2023-11-05', 281, 5, 5),
(202, '2023-10-27', 479, 5, 8),
(203, '2022-12-22', 348, 10, 1),
(204, '2023-05-02', 253, 8, 2),
(205, '2023-05-22', 220, 7, 7),
(206, '2023-05-17', 370, 9, 8),
(207, '2023-04-02', 376, 7, 5),
(208, '2023-01-18', 34, 2, 5),
(209, '2023-07-13', 369, 6, 2),
(210, '2023-03-09', 301, 5, 10),
(211, '2023-08-30', 437, 5, 6),
(212, '2023-05-16', 218, 3, 6),
(213, '2023-04-06', 455, 1, 5),
(214, '2023-09-10', 29, 7, 3),
(215, '2023-07-29', 170, 2, 9),
(216, '2023-05-31', 139, 7, 3),
(217, '2023-03-06', 345, 9, 9),
(218, '2023-11-21', 391, 8, NULL),
(219, '2023-03-07', 158, 7, 6),
(220, '2023-08-11', 17, 2, 2),
(221, '2023-10-24', 66, 4, 8),
(222, '2023-10-18', 452, 10, 6),
(223, '2023-07-03', 355, 5, 8),
(224, '2023-10-10', 137, 6, 1),
(225, '2023-01-30', 323, 3, 10),
(226, '2023-07-09', 232, 3, 7),
(227, '2023-08-30', 265, 9, 7),
(228, '2023-09-08', 177, 4, 4),
(229, '2023-04-07', 496, 1, 5),
(230, '2023-06-17', 304, 5, 6),
(231, '2023-10-09', 475, 1, NULL),
(232, '2023-03-31', 137, 2, 9),
(233, '2023-05-17', 101, 9, 10),
(234, '2023-05-31', 450, 8, NULL),
(235, '2023-06-15', 374, 4, 8),
(236, '2022-12-27', 314, 5, 4),
(237, '2023-08-29', 278, 7, 9),
(238, '2023-02-28', 325, 5, 6),
(239, '2023-03-30', 41, 3, 9),
(240, '2023-06-16', 230, 6, 5),
(241, '2023-11-01', 369, 6, 8),
(242, '2023-07-10', 369, 5, 3),
(243, '2023-07-20', 12, 5, 7),
(244, '2023-06-17', 38, 7, 2),
(245, '2023-03-23', 339, 6, 2),
(246, '2023-04-09', 212, 6, NULL),
(247, '2023-03-18', 89, 5, 7),
(248, '2023-02-18', 15, 6, 9),
(249, '2023-10-22', 430, 7, 9),
(250, '2023-09-13', 394, 2, NULL),
(251, '2023-06-16', 17, 6, 8),
(252, '2023-03-11', 13, 7, 2),
(253, '2023-07-06', 89, 9, 2),
(254, '2023-06-07', 4, 1, 7),
(255, '2023-03-19', 120, 7, 10),
(256, '2023-11-27', 22, 6, 2),
(257, '2023-05-16', 459, 6, 1),
(258, '2023-10-14', 296, 1, 10),
(259, '2023-10-15', 288, 1, NULL),
(260, '2023-11-05', 422, 2, 6),
(261, '2023-04-16', 429, 2, 7),
(262, '2023-06-30', 266, 7, 7),
(263, '2023-08-26', 488, 8, 6),
(264, '2023-07-22', 178, 4, 7),
(265, '2023-05-03', 73, 5, NULL),
(266, '2023-03-28', 477, 6, 9),
(267, '2023-09-16', 350, 5, 8),
(268, '2023-08-04', 473, 6, 3),
(269, '2022-12-16', 351, 3, 9),
(270, '2023-08-28', 337, 9, 3),
(271, '2023-01-23', 186, 4, 5),
(272, '2023-11-10', 350, 6, 8),
(273, '2023-07-21', 207, 5, 5),
(274, '2023-02-26', 290, 2, 5),
(275, '2023-02-08', 173, 7, 8),
(276, '2022-12-23', 54, 1, 3),
(277, '2023-10-09', 312, 7, 6),
(278, '2023-11-23', 444, 2, 3),
(279, '2023-04-30', 233, 9, 5),
(280, '2023-05-31', 300, 7, 1),
(281, '2023-07-17', 387, 4, 8),
(282, '2023-02-02', 195, 10, 2),
(283, '2023-02-21', 107, 3, 3),
(284, '2023-10-31', 385, 6, 6),
(285, '2023-07-17', 262, 2, 8),
(286, '2023-02-22', 363, 10, 5),
(287, '2023-10-01', 152, 10, 6),
(288, '2023-11-16', 157, 1, 3),
(289, '2023-05-07', 482, 9, NULL),
(290, '2023-08-24', 352, 6, 1),
(291, '2023-12-01', 330, 2, 8),
(292, '2023-11-14', 389, 10, 4),
(293, '2023-08-28', 9, 8, 9),
(294, '2023-03-29', 141, 7, 1),
(295, '2023-04-28', 378, 6, 7),
(296, '2023-01-11', 156, 10, NULL),
(297, '2023-02-02', 53, 2, 9),
(298, '2023-04-27', 309, 2, 2),
(299, '2023-02-19', 372, 1, 3),
(300, '2023-03-15', 372, 3, 1),
(301, '2022-12-28', 412, 3, 10),
(302, '2023-10-01', 496, 8, 4),
(303, '2023-05-09', 180, 6, 3),
(304, '2023-04-07', 359, 4, 7),
(305, '2023-05-30', 342, 4, 8),
(306, '2023-12-02', 329, 2, 5),
(307, '2022-12-20', 16, 2, NULL),
(308, '2023-11-25', 180, 6, 6),
(309, '2023-09-04', 434, 8, 10),
(310, '2023-01-21', 441, 9, 5),
(311, '2022-12-23', 120, 5, 5),
(312, '2023-12-08', 72, 7, 1),
(313, '2023-06-21', 307, 9, 3),
(314, '2023-10-24', 241, 6, 10),
(315, '2023-05-14', 126, 2, 7),
(316, '2023-08-09', 188, 3, 10),
(317, '2023-04-05', 263, 4, 1),
(318, '2023-11-17', 289, 4, 5),
(319, '2023-12-02', 63, 7, 10),
(320, '2023-08-21', 349, 7, NULL),
(321, '2023-05-05', 70, 2, 1),
(322, '2023-10-14', 384, 7, NULL),
(323, '2023-10-24', 213, 9, 9),
(324, '2023-01-28', 311, 6, 6),
(325, '2023-10-26', 62, 6, 5),
(326, '2023-01-26', 132, 4, 9),
(327, '2023-02-26', 78, 5, 1),
(328, '2023-11-23', 429, 4, 10),
(329, '2023-08-04', 204, 4, 5),
(330, '2023-08-24', 233, 1, 7),
(331, '2023-10-21', 338, 5, 1),
(332, '2023-10-22', 162, 1, 5),
(333, '2023-10-14', 448, 4, 1),
(334, '2023-11-07', 292, 8, 2),
(335, '2023-07-27', 207, 7, 1),
(336, '2023-08-23', 349, 8, 8),
(337, '2023-05-30', 476, 8, 4),
(338, '2023-03-21', 433, 5, 5),
(339, '2023-09-26', 4, 2, 10),
(340, '2023-12-01', 17, 2, 4),
(341, '2023-07-06', 182, 9, 9),
(342, '2023-10-19', 306, 4, 9),
(343, '2023-11-04', 89, 10, NULL),
(344, '2023-04-12', 57, 2, 4),
(345, '2023-05-03', 186, 1, 1),
(346, '2023-03-09', 469, 6, 10),
(347, '2023-07-29', 127, 10, 6),
(348, '2023-08-24', 476, 7, 10),
(349, '2023-07-11', 351, 3, 5),
(350, '2023-07-17', 23, 7, 2),
(351, '2023-01-27', 356, 3, 5),
(352, '2023-11-26', 416, 6, 7),
(353, '2023-09-14', 132, 1, 5),
(354, '2023-01-29', 243, 7, 4),
(355, '2023-03-28', 483, 1, NULL),
(356, '2022-12-16', 345, 10, 4),
(357, '2023-06-02', 49, 5, NULL),
(358, '2023-08-22', 233, 8, 3),
(359, '2023-02-04', 287, 10, NULL),
(360, '2023-02-11', 310, 5, NULL),
(361, '2023-04-06', 109, 4, 7),
(362, '2023-07-16', 162, 10, 9),
(363, '2023-07-24', 73, 10, 2),
(364, '2023-01-21', 69, 5, NULL),
(365, '2023-10-09', 316, 4, 4),
(366, '2023-04-11', 267, 8, 6),
(367, '2023-07-06', 9, 8, 3),
(368, '2023-02-07', 440, 3, 2),
(369, '2023-12-02', 215, 1, 10),
(370, '2023-05-17', 424, 1, 8),
(371, '2023-08-13', 167, 7, 3),
(372, '2023-10-21', 421, 9, 9),
(373, '2023-05-09', 430, 5, 8),
(374, '2023-10-14', 104, 2, 5),
(375, '2023-08-15', 70, 7, 8),
(376, '2023-08-04', 293, 4, 4),
(377, '2023-06-29', 258, 7, 6),
(378, '2022-12-28', 100, 6, 1),
(379, '2023-08-23', 434, 6, 3),
(380, '2023-07-27', 174, 6, NULL),
(381, '2023-05-26', 225, 10, 7),
(382, '2023-06-30', 86, 10, NULL),
(383, '2023-01-30', 320, 3, NULL),
(384, '2023-05-26', 196, 1, 4),
(385, '2023-03-25', 210, 8, 4),
(386, '2023-01-23', 79, 1, 4),
(387, '2023-08-12', 490, 3, 10),
(388, '2023-03-15', 299, 5, 8),
(389, '2023-06-13', 101, 10, 9),
(390, '2023-07-21', 259, 5, NULL),
(391, '2023-10-18', 322, 7, 5),
(392, '2023-04-10', 145, 4, 9),
(393, '2023-06-21', 485, 1, 1),
(394, '2023-10-13', 346, 1, 4),
(395, '2022-12-16', 151, 6, 7),
(396, '2023-10-24', 482, 6, 4),
(397, '2023-08-05', 105, 1, 9),
(398, '2023-03-07', 182, 8, NULL),
(399, '2022-12-31', 270, 8, NULL),
(400, '2023-02-04', 251, 4, 2),
(401, '2023-11-26', 208, 9, 3),
(402, '2023-03-21', 373, 1, 2),
(403, '2023-03-23', 89, 8, 9),
(404, '2023-07-20', 225, 2, 10),
(405, '2023-09-12', 170, 6, 10),
(406, '2023-11-15', 130, 6, NULL),
(407, '2023-08-05', 303, 7, 2),
(408, '2022-12-23', 262, 4, 1),
(409, '2023-03-25', 28, 7, 8),
(410, '2023-03-24', 192, 7, 7),
(411, '2023-02-04', 384, 5, 10),
(412, '2023-04-05', 493, 2, 4),
(413, '2023-10-02', 418, 8, 4),
(414, '2022-12-22', 349, 10, 4),
(415, '2023-01-21', 58, 4, 2),
(416, '2023-08-04', 362, 4, 9),
(417, '2023-11-24', 56, 6, 3),
(418, '2023-08-31', 495, 2, 7),
(419, '2023-07-12', 227, 8, 4),
(420, '2023-04-09', 95, 2, 9),
(421, '2023-09-27', 323, 5, NULL),
(422, '2023-08-27', 320, 4, 3),
(423, '2023-04-18', 267, 10, 3),
(424, '2023-09-01', 302, 4, 5),
(425, '2023-01-29', 483, 4, 7),
(426, '2023-09-08', 185, 6, 8),
(427, '2023-08-20', 385, 8, 6),
(428, '2023-11-10', 398, 5, 6),
(429, '2023-12-05', 433, 3, 4),
(430, '2023-05-21', 42, 4, 9),
(431, '2023-06-12', 490, 10, NULL),
(432, '2023-04-20', 467, 4, 8),
(433, '2023-03-04', 438, 8, 8),
(434, '2023-03-18', 392, 6, 10),
(435, '2023-05-30', 496, 6, 4),
(436, '2023-02-13', 435, 3, 3),
(437, '2023-05-19', 208, 5, 7),
(438, '2023-12-08', 83, 9, 3),
(439, '2023-11-25', 255, 8, 2),
(440, '2023-01-06', 41, 1, 4),
(441, '2023-10-27', 104, 4, 5),
(442, '2023-08-16', 158, 7, 4),
(443, '2023-06-21', 371, 6, 8),
(444, '2023-02-28', 153, 5, NULL),
(445, '2023-06-27', 439, 8, 1),
(446, '2023-01-05', 333, 6, NULL),
(447, '2023-04-24', 295, 7, 5),
(448, '2023-04-20', 34, 3, NULL),
(449, '2023-04-05', 389, 2, 1),
(450, '2023-12-10', 264, 4, 7),
(451, '2023-08-17', 349, 6, 7),
(452, '2023-01-14', 460, 5, 7),
(453, '2023-08-14', 13, 3, 8),
(454, '2023-11-30', 93, 4, 3),
(455, '2023-11-25', 234, 9, NULL),
(456, '2023-06-11', 320, 6, 3),
(457, '2023-06-13', 167, 5, 5),
(458, '2023-05-23', 182, 3, 3),
(459, '2023-11-18', 149, 8, 6),
(460, '2023-01-10', 35, 4, NULL),
(461, '2023-02-18', 379, 1, 2),
(462, '2023-01-22', 380, 1, 8),
(463, '2023-08-25', 361, 8, NULL),
(464, '2023-09-11', 443, 4, 9),
(465, '2023-09-30', 294, 8, 6),
(466, '2022-12-15', 76, 10, 7),
(467, '2023-08-12', 39, 1, 9),
(468, '2023-04-28', 326, 4, 10),
(469, '2023-02-09', 343, 8, 3),
(470, '2023-02-02', 197, 8, 8),
(471, '2023-09-30', 231, 9, 1),
(472, '2023-05-15', 213, 5, 7),
(473, '2023-06-24', 379, 1, 4),
(474, '2023-01-07', 146, 4, 1),
(475, '2023-02-20', 496, 2, 6),
(476, '2023-10-31', 180, 4, 8),
(477, '2023-09-06', 496, 2, 7),
(478, '2023-02-21', 260, 8, 4),
(479, '2023-06-17', 165, 3, 4),
(480, '2023-05-21', 259, 1, 5),
(481, '2023-10-19', 189, 6, 8),
(482, '2023-04-24', 5, 2, 10),
(483, '2023-11-27', 112, 1, 7),
(484, '2023-09-07', 186, 6, 2),
(485, '2023-10-18', 391, 7, 9),
(486, '2023-10-13', 118, 4, 2),
(487, '2023-04-18', 45, 7, 9),
(488, '2023-05-26', 108, 3, 1),
(489, '2023-05-04', 35, 10, 7),
(490, '2023-11-28', 453, 3, 6),
(491, '2023-07-10', 355, 1, 5),
(492, '2023-03-27', 426, 9, 5),
(493, '2023-03-12', 123, 8, 2),
(494, '2023-06-03', 472, 9, 9),
(495, '2023-03-14', 460, 6, NULL),
(496, '2023-11-08', 106, 10, 3),
(497, '2023-11-15', 397, 3, 8),
(498, '2023-07-24', 136, 7, 6),
(499, '2023-07-25', 212, 9, 6),
(500, '2023-01-28', 237, 2, NULL),
(501, '2023-11-17', 167, 7, NULL),
(502, '2023-02-12', 312, 2, 2),
(503, '2023-06-03', 220, 9, 4),
(504, '2023-01-29', 136, 5, 2),
(505, '2022-12-29', 426, 5, 3),
(506, '2023-09-05', 136, 7, 10),
(507, '2023-03-01', 166, 5, 8),
(508, '2023-05-17', 500, 9, 2),
(509, '2023-06-02', 42, 10, NULL),
(510, '2023-09-09', 397, 8, 3),
(511, '2023-04-06', 463, 6, NULL),
(512, '2023-07-31', 96, 3, 2),
(513, '2023-04-12', 226, 5, NULL),
(514, '2023-09-19', 283, 1, 5),
(515, '2023-07-27', 40, 2, 3),
(516, '2023-04-26', 125, 9, 1),
(517, '2023-11-24', 17, 5, 7),
(518, '2023-09-29', 358, 2, 8),
(519, '2023-10-14', 111, 4, 3),
(520, '2023-09-07', 191, 2, 8),
(521, '2023-06-14', 272, 4, 7),
(522, '2023-07-24', 459, 1, 8),
(523, '2023-05-03', 469, 4, 8),
(524, '2023-10-22', 240, 4, 10),
(525, '2023-04-30', 340, 5, 8),
(526, '2023-07-11', 285, 7, 4),
(527, '2023-06-13', 109, 5, 7),
(528, '2023-05-31', 144, 10, 3),
(529, '2023-09-17', 295, 4, 10),
(530, '2023-09-04', 74, 8, 1),
(531, '2022-12-17', 438, 9, 9),
(532, '2023-04-28', 221, 6, 4),
(533, '2023-10-11', 137, 9, 3),
(534, '2023-02-24', 255, 2, 6),
(535, '2023-10-11', 355, 9, 6),
(536, '2023-02-26', 114, 1, 4),
(537, '2023-09-21', 108, 2, 1),
(538, '2023-01-22', 389, 2, 8),
(539, '2022-12-16', 312, 9, 9),
(540, '2023-07-07', 455, 10, 4),
(541, '2023-07-11', 15, 9, 2),
(542, '2023-05-08', 324, 8, 8),
(543, '2023-05-20', 223, 1, 6),
(544, '2023-03-23', 16, 9, NULL),
(545, '2023-01-25', 13, 6, 6),
(546, '2023-11-13', 73, 6, 6),
(547, '2023-08-18', 16, 8, 3),
(548, '2022-12-15', 102, 1, NULL),
(549, '2023-07-07', 309, 7, 4),
(550, '2023-08-19', 148, 4, 1),
(551, '2022-12-27', 442, 1, NULL),
(552, '2023-03-16', 381, 4, 7),
(553, '2023-09-13', 118, 8, 10),
(554, '2023-04-28', 293, 2, 6),
(555, '2023-06-06', 68, 6, NULL),
(556, '2023-09-18', 197, 3, 9),
(557, '2023-04-05', 245, 4, 9),
(558, '2023-10-28', 158, 1, 5),
(559, '2023-09-13', 173, 7, 6),
(560, '2023-08-17', 151, 4, 4),
(561, '2022-12-21', 420, 1, 1),
(562, '2023-01-06', 24, 2, 1),
(563, '2023-01-23', 360, 9, 4),
(564, '2023-05-18', 440, 10, 2),
(565, '2023-09-23', 455, 5, 8),
(566, '2023-03-08', 414, 6, 1),
(567, '2023-08-25', 396, 9, 1),
(568, '2023-08-30', 204, 4, 1),
(569, '2023-11-02', 241, 5, 8),
(570, '2023-08-26', 182, 10, 8),
(571, '2023-09-07', 199, 7, 9),
(572, '2023-08-30', 254, 8, 1),
(573, '2023-03-03', 159, 8, 9),
(574, '2023-01-27', 438, 1, 2),
(575, '2023-10-21', 389, 10, 6),
(576, '2023-02-13', 406, 5, 6),
(577, '2023-05-07', 331, 9, 6),
(578, '2022-12-30', 20, 6, 10),
(579, '2023-01-16', 36, 3, NULL),
(580, '2023-03-06', 69, 5, 3),
(581, '2023-04-04', 226, 9, 9),
(582, '2023-03-22', 87, 9, 7),
(583, '2023-02-11', 339, 8, 3),
(584, '2023-11-27', 442, 5, NULL),
(585, '2023-06-16', 41, 1, 8),
(586, '2023-07-31', 466, 10, NULL),
(587, '2023-01-23', 456, 4, 5),
(588, '2023-02-11', 29, 2, 9),
(589, '2023-06-18', 370, 8, 2),
(590, '2023-03-12', 121, 8, 4),
(591, '2022-12-28', 388, 10, NULL),
(592, '2023-05-20', 233, 5, 7),
(593, '2023-02-03', 422, 2, NULL),
(594, '2023-03-12', 37, 8, 9),
(595, '2023-08-12', 439, 10, 6),
(596, '2023-11-08', 393, 1, 1),
(597, '2023-07-24', 471, 4, 10),
(598, '2023-07-14', 446, 3, 6),
(599, '2023-04-15', 414, 9, 4),
(600, '2023-11-15', 358, 5, 7),
(601, '2023-09-21', 384, 10, 2),
(602, '2023-08-28', 135, 2, 1),
(603, '2023-08-03', 64, 5, 8),
(604, '2023-10-31', 85, 1, 9),
(605, '2023-09-09', 83, 1, 10),
(606, '2023-04-14', 43, 6, 7),
(607, '2023-07-13', 166, 6, NULL),
(608, '2023-03-27', 417, 10, 5),
(609, '2023-11-23', 7, 1, 1),
(610, '2023-05-10', 415, 5, 10),
(611, '2023-01-07', 64, 10, 7),
(612, '2023-09-19', 215, 10, 7),
(613, '2023-01-28', 148, 1, 10),
(614, '2023-04-20', 146, 3, 6),
(615, '2023-01-15', 103, 3, 10),
(616, '2023-09-22', 79, 10, 3),
(617, '2023-03-11', 12, 1, 2),
(618, '2023-10-19', 313, 10, 3),
(619, '2023-07-18', 323, 6, NULL),
(620, '2023-03-29', 27, 10, 2),
(621, '2023-11-06', 115, 6, 2),
(622, '2023-08-26', 40, 9, 2),
(623, '2023-03-30', 420, 5, 2),
(624, '2023-07-01', 479, 5, 2),
(625, '2023-08-18', 90, 5, 7),
(626, '2023-01-11', 178, 8, 3),
(627, '2023-05-11', 485, 2, 10),
(628, '2023-10-27', 163, 3, NULL),
(629, '2023-02-04', 483, 4, 6),
(630, '2023-11-24', 485, 8, 10),
(631, '2023-04-18', 332, 10, 6),
(632, '2023-07-20', 117, 10, 3),
(633, '2023-10-25', 284, 10, 10),
(634, '2023-11-24', 70, 8, 10),
(635, '2023-01-26', 400, 6, 10),
(636, '2023-08-18', 192, 9, 4),
(637, '2023-02-25', 373, 9, 7),
(638, '2022-12-12', 97, 3, 6),
(639, '2023-06-04', 17, 2, 1),
(640, '2023-04-05', 113, 10, 3),
(641, '2023-10-24', 49, 4, 8),
(642, '2023-03-11', 105, 3, 7),
(643, '2023-01-14', 393, 1, 6),
(644, '2023-07-29', 22, 9, 9),
(645, '2023-04-22', 83, 1, 2),
(646, '2023-02-28', 39, 7, 3),
(647, '2023-02-09', 72, 6, 6),
(648, '2023-08-10', 188, 10, 8),
(649, '2023-12-04', 450, 3, 6),
(650, '2023-07-28', 164, 9, 7),
(651, '2023-02-16', 436, 4, 10),
(652, '2023-07-20', 122, 1, NULL),
(653, '2023-01-24', 295, 9, NULL),
(654, '2023-07-31', 60, 8, NULL),
(655, '2023-07-29', 263, 1, NULL),
(656, '2023-10-12', 345, 5, 9),
(657, '2023-08-27', 194, 4, 9),
(658, '2023-08-11', 38, 9, 7),
(659, '2023-11-17', 254, 8, 8),
(660, '2023-06-13', 365, 5, 8),
(661, '2023-12-01', 348, 7, 10),
(662, '2023-04-07', 220, 3, 2),
(663, '2023-08-31', 379, 6, 1),
(664, '2023-02-04', 229, 8, 5),
(665, '2023-03-01', 284, 8, 8),
(666, '2023-01-10', 177, 10, 3),
(667, '2023-05-24', 243, 6, 3),
(668, '2023-09-03', 327, 3, 1),
(669, '2023-05-29', 69, 6, 3),
(670, '2023-07-28', 18, 3, 5),
(671, '2023-02-24', 75, 8, 3),
(672, '2023-11-23', 9, 5, 7),
(673, '2022-12-12', 468, 3, 2),
(674, '2023-03-16', 204, 9, 10),
(675, '2023-08-22', 471, 1, 4),
(676, '2023-03-28', 97, 4, 7),
(677, '2023-09-12', 141, 4, NULL),
(678, '2023-10-13', 155, 9, 7),
(679, '2023-02-18', 413, 8, 4),
(680, '2023-04-24', 488, 10, 8),
(681, '2023-02-01', 95, 5, 8),
(682, '2023-11-30', 377, 4, 5),
(683, '2023-04-16', 386, 1, 7),
(684, '2023-08-24', 218, 3, 4),
(685, '2023-01-20', 45, 5, 5),
(686, '2023-09-18', 26, 3, 2),
(687, '2023-04-23', 291, 7, 6),
(688, '2023-01-01', 24, 9, 5),
(689, '2023-08-14', 173, 1, 7),
(690, '2023-03-14', 269, 6, 3),
(691, '2023-07-14', 300, 7, 3),
(692, '2023-09-16', 228, 6, 7),
(693, '2022-12-24', 323, 10, 9),
(694, '2023-04-27', 11, 4, 6),
(695, '2023-06-04', 321, 4, 1),
(696, '2023-03-15', 307, 6, 10),
(697, '2023-11-06', 230, 2, 3),
(698, '2023-04-27', 374, 3, 6),
(699, '2023-09-10', 258, 10, 2),
(700, '2023-05-15', 54, 1, 1),
(701, '2023-07-25', 94, 2, 9),
(702, '2023-01-11', 429, 10, NULL),
(703, '2023-10-26', 453, 2, 7),
(704, '2023-03-21', 318, 1, 3),
(705, '2023-09-10', 60, 2, NULL),
(706, '2023-01-15', 393, 3, 6),
(707, '2023-07-20', 200, 4, 7),
(708, '2023-03-08', 315, 7, 10),
(709, '2023-08-18', 251, 1, 2),
(710, '2023-07-06', 426, 1, NULL),
(711, '2023-06-06', 244, 7, NULL),
(712, '2023-12-06', 22, 3, 9),
(713, '2023-09-28', 106, 8, 3),
(714, '2023-09-12', 271, 10, 8),
(715, '2023-03-27', 20, 2, 9),
(716, '2023-02-10', 25, 7, 3),
(717, '2023-07-14', 37, 7, 10),
(718, '2023-03-12', 498, 8, 7),
(719, '2023-08-30', 476, 1, 8),
(720, '2023-06-16', 87, 7, 3),
(721, '2023-06-28', 489, 9, 6),
(722, '2023-07-06', 334, 7, 4),
(723, '2023-08-15', 337, 4, 1),
(724, '2022-12-21', 94, 8, 10),
(725, '2023-09-15', 431, 2, 5),
(726, '2023-06-14', 451, 9, NULL),
(727, '2023-08-18', 89, 5, 10),
(728, '2023-10-15', 99, 2, 7),
(729, '2023-03-31', 374, 4, 5),
(730, '2023-01-11', 416, 5, 1),
(731, '2023-02-13', 92, 5, 6),
(732, '2023-04-20', 124, 9, 6),
(733, '2023-10-20', 255, 7, 7),
(734, '2023-03-19', 410, 7, 8),
(735, '2023-11-01', 117, 5, 3),
(736, '2023-11-03', 347, 10, 5),
(737, '2023-01-21', 263, 4, 4),
(738, '2023-01-20', 89, 5, 9),
(739, '2023-04-07', 328, 5, 8),
(740, '2023-11-22', 273, 3, 7),
(741, '2023-06-10', 373, 2, 3),
(742, '2023-10-20', 137, 2, 4),
(743, '2023-03-16', 81, 10, 4),
(744, '2022-12-22', 208, 9, NULL),
(745, '2023-08-25', 392, 5, 6),
(746, '2022-12-31', 113, 8, NULL),
(747, '2023-04-16', 4, 7, 4),
(748, '2023-07-25', 225, 10, 5),
(749, '2023-08-09', 90, 5, 7),
(750, '2023-10-12', 73, 10, NULL),
(751, '2023-11-26', 256, 2, 4),
(752, '2023-10-21', 180, 4, 9),
(753, '2023-06-20', 382, 6, 6),
(754, '2022-12-20', 184, 3, 3),
(755, '2023-04-06', 338, 8, 8),
(756, '2023-10-14', 412, 9, 1),
(757, '2023-04-05', 406, 6, 9),
(758, '2023-09-23', 259, 5, 10),
(759, '2023-10-12', 212, 3, 2),
(760, '2023-04-28', 283, 2, 10),
(761, '2023-08-23', 268, 2, 6),
(762, '2023-03-22', 481, 1, 1),
(763, '2023-01-05', 138, 9, 4),
(764, '2023-09-27', 58, 9, 6),
(765, '2023-09-16', 117, 9, 7),
(766, '2023-11-06', 310, 1, 3),
(767, '2023-06-23', 342, 8, 5),
(768, '2023-06-03', 426, 8, 8),
(769, '2023-07-10', 102, 5, 1),
(770, '2023-06-16', 237, 1, 2),
(771, '2022-12-22', 327, 8, 2),
(772, '2023-11-17', 156, 5, 2),
(773, '2023-04-10', 105, 3, 8),
(774, '2023-07-25', 450, 4, 6),
(775, '2023-06-01', 495, 4, 2),
(776, '2023-09-21', 362, 6, 4),
(777, '2023-04-25', 383, 8, 8),
(778, '2023-03-11', 328, 4, 9),
(779, '2023-12-07', 30, 1, 6),
(780, '2023-02-26', 266, 6, 5),
(781, '2023-07-11', 229, 5, NULL),
(782, '2023-11-08', 23, 1, 8),
(783, '2023-09-25', 216, 9, 7),
(784, '2023-08-04', 468, 6, 4),
(785, '2023-10-18', 481, 4, 5),
(786, '2023-01-03', 359, 8, 10),
(787, '2023-03-19', 336, 5, 7),
(788, '2023-04-28', 394, 6, 6),
(789, '2023-12-11', 268, 3, 1),
(790, '2023-10-21', 239, 2, 4),
(791, '2023-01-26', 84, 6, 10),
(792, '2023-04-28', 184, 6, 7),
(793, '2023-11-15', 422, 5, 4),
(794, '2023-05-04', 283, 3, 5),
(795, '2023-06-10', 189, 7, 7),
(796, '2023-07-28', 35, 5, 4),
(797, '2023-11-08', 69, 2, 8),
(798, '2023-07-19', 471, 6, 7),
(799, '2023-07-12', 116, 10, 4),
(800, '2023-09-12', 190, 1, 9),
(801, '2023-05-09', 219, 8, 3),
(802, '2023-04-22', 108, 9, 1),
(803, '2023-12-06', 88, 3, 7),
(804, '2023-10-12', 276, 3, 1),
(805, '2023-05-24', 319, 10, 1),
(806, '2023-07-30', 391, 8, NULL),
(807, '2023-10-09', 118, 5, 4),
(808, '2023-06-04', 470, 5, 2),
(809, '2022-12-30', 488, 7, 8),
(810, '2023-01-07', 90, 10, 8),
(811, '2022-12-30', 213, 1, 4),
(812, '2023-02-19', 280, 6, 6),
(813, '2023-11-10', 307, 8, 9),
(814, '2023-11-18', 75, 1, 5),
(815, '2023-05-01', 329, 6, 6),
(816, '2023-08-08', 315, 5, 9),
(817, '2023-11-25', 325, 7, 4),
(818, '2023-06-16', 209, 9, 1),
(819, '2023-04-29', 135, 1, 5),
(820, '2023-05-12', 334, 10, 10),
(821, '2022-12-28', 480, 2, 5),
(822, '2023-09-19', 117, 7, 8),
(823, '2023-11-13', 483, 10, 2),
(824, '2023-09-19', 1, 6, 10),
(825, '2023-12-10', 471, 8, 8),
(826, '2023-10-02', 236, 10, 4),
(827, '2023-11-18', 368, 7, 3),
(828, '2023-08-17', 215, 7, 3),
(829, '2023-10-15', 217, 9, 3),
(830, '2023-11-06', 227, 1, 3),
(831, '2023-04-08', 415, 1, NULL),
(832, '2023-05-14', 149, 9, NULL),
(833, '2023-08-17', 409, 7, 5),
(834, '2023-11-06', 283, 2, 2),
(835, '2023-06-01', 480, 5, 4),
(836, '2023-01-03', 235, 6, NULL),
(837, '2023-09-14', 343, 8, 9),
(838, '2023-12-01', 66, 10, 4),
(839, '2022-12-19', 449, 8, 9),
(840, '2023-11-23', 178, 7, 10),
(841, '2023-05-22', 21, 3, 6),
(842, '2023-11-20', 236, 8, 8),
(843, '2023-02-17', 391, 8, 5),
(844, '2023-01-21', 397, 2, 6),
(845, '2022-12-17', 129, 5, 1),
(846, '2023-10-02', 84, 4, 5),
(847, '2022-12-26', 13, 8, 1),
(848, '2023-02-10', 223, 9, 4),
(849, '2023-04-11', 122, 1, 10),
(850, '2023-06-03', 283, 6, 5),
(851, '2023-10-05', 193, 10, 8),
(852, '2023-11-27', 198, 2, 2),
(853, '2023-10-25', 334, 2, 3),
(854, '2023-11-16', 467, 4, NULL),
(855, '2023-09-25', 372, 3, 6),
(856, '2023-02-15', 479, 10, 5),
(857, '2023-09-22', 221, 1, 5),
(858, '2023-07-21', 392, 2, 2),
(859, '2023-08-12', 417, 4, 5),
(860, '2023-10-28', 385, 10, NULL),
(861, '2023-07-21', 145, 6, 4),
(862, '2023-10-22', 242, 9, 1),
(863, '2023-07-22', 187, 10, NULL),
(864, '2023-03-14', 457, 4, 4),
(865, '2023-05-06', 115, 4, 5),
(866, '2023-08-07', 368, 9, 3),
(867, '2023-01-20', 89, 1, 3),
(868, '2023-02-22', 218, 7, 5),
(869, '2022-12-30', 44, 2, 5),
(870, '2022-12-23', 185, 6, 2),
(871, '2023-08-15', 384, 10, 5),
(872, '2023-08-24', 348, 5, 5),
(873, '2023-06-16', 160, 1, 9),
(874, '2023-07-28', 119, 2, 9),
(875, '2022-12-24', 241, 7, 4),
(876, '2023-07-05', 269, 5, 9),
(877, '2023-09-14', 380, 2, 3),
(878, '2023-01-17', 27, 6, NULL),
(879, '2023-09-02', 109, 6, NULL),
(880, '2023-11-13', 66, 10, 6),
(881, '2023-06-12', 119, 7, 2),
(882, '2023-05-19', 352, 9, 8),
(883, '2023-08-29', 121, 2, 1),
(884, '2023-05-03', 30, 7, 9),
(885, '2023-03-15', 312, 4, 3),
(886, '2023-08-13', 188, 4, 1),
(887, '2023-06-25', 387, 4, NULL),
(888, '2023-09-13', 401, 5, 8),
(889, '2023-10-04', 133, 5, 10),
(890, '2023-07-12', 349, 1, 10),
(891, '2023-10-19', 461, 1, 10),
(892, '2023-08-11', 146, 8, 8),
(893, '2023-07-20', 435, 4, 7),
(894, '2023-03-29', 320, 4, 4),
(895, '2022-12-28', 193, 5, 10),
(896, '2023-05-08', 113, 2, 6),
(897, '2023-11-16', 424, 1, 9),
(898, '2023-08-31', 267, 7, 1),
(899, '2023-05-30', 407, 1, 5),
(900, '2023-04-13', 406, 3, 8),
(901, '2023-01-02', 114, 9, 4),
(902, '2023-06-25', 280, 3, 5),
(903, '2023-07-23', 296, 6, NULL),
(904, '2023-01-20', 6, 5, 9),
(905, '2023-01-10', 483, 6, 7),
(906, '2023-08-25', 273, 8, 3),
(907, '2023-09-24', 468, 3, 2),
(908, '2023-02-19', 147, 2, NULL),
(909, '2023-09-18', 77, 4, NULL),
(910, '2023-03-04', 381, 6, 7),
(911, '2023-05-05', 84, 5, 6),
(912, '2023-11-08', 21, 2, 7),
(913, '2023-12-09', 289, 4, 2),
(914, '2023-03-27', 405, 4, 3),
(915, '2023-02-10', 64, 4, 9),
(916, '2023-09-22', 14, 5, 5),
(917, '2023-02-13', 319, 6, 3),
(918, '2023-03-18', 260, 5, 5),
(919, '2023-04-26', 335, 6, 7),
(920, '2023-07-23', 445, 3, 8),
(921, '2023-01-15', 202, 10, 4),
(922, '2023-07-31', 89, 7, 1),
(923, '2023-01-15', 263, 7, 5),
(924, '2023-03-12', 134, 9, 5),
(925, '2023-03-12', 361, 1, NULL),
(926, '2023-01-25', 368, 9, 4),
(927, '2023-09-01', 406, 10, NULL),
(928, '2023-08-07', 149, 6, 8),
(929, '2023-11-25', 43, 2, NULL),
(930, '2023-01-31', 439, 8, 4),
(931, '2023-01-30', 65, 10, 3),
(932, '2023-06-30', 68, 5, 1),
(933, '2023-06-06', 336, 7, 4),
(934, '2023-04-11', 201, 5, 3),
(935, '2023-05-30', 105, 2, 5),
(936, '2023-09-24', 265, 3, 5),
(937, '2023-06-13', 167, 2, 2),
(938, '2023-05-15', 210, 7, 3),
(939, '2023-10-15', 125, 10, 9),
(940, '2023-02-23', 480, 4, 8),
(941, '2023-01-28', 305, 6, NULL),
(942, '2023-01-20', 409, 9, 1),
(943, '2023-05-16', 109, 10, 4),
(944, '2023-02-25', 300, 6, 1),
(945, '2023-02-10', 176, 5, 4),
(946, '2023-01-01', 243, 5, 2),
(947, '2023-05-10', 26, 1, 9),
(948, '2023-09-19', 21, 3, 3),
(949, '2023-10-22', 166, 1, 3),
(950, '2023-10-03', 63, 5, 2),
(951, '2023-07-17', 128, 9, 2),
(952, '2023-02-21', 264, 3, 7),
(953, '2023-02-05', 302, 1, 2),
(954, '2023-01-08', 107, 5, 1),
(955, '2023-11-17', 313, 7, NULL),
(956, '2023-06-11', 166, 5, 9),
(957, '2023-10-02', 460, 4, 2),
(958, '2023-11-01', 74, 3, 5),
(959, '2023-06-10', 456, 8, 4),
(960, '2023-03-25', 177, 3, 9),
(961, '2023-11-24', 9, 1, 6),
(962, '2023-10-11', 367, 2, 4),
(963, '2023-05-27', 161, 1, NULL),
(964, '2023-07-05', 394, 3, 2),
(965, '2023-09-17', 442, 6, 4),
(966, '2023-07-25', 91, 5, 1),
(967, '2023-03-07', 367, 1, NULL),
(968, '2023-01-23', 102, 9, 10),
(969, '2023-03-17', 188, 8, 6),
(970, '2023-08-23', 492, 9, 10),
(971, '2023-09-24', 89, 2, 7),
(972, '2022-12-17', 425, 3, 7),
(973, '2023-06-15', 65, 6, 9),
(974, '2023-08-15', 319, 9, 6),
(975, '2023-01-04', 408, 7, 2),
(976, '2023-10-31', 269, 10, 5),
(977, '2023-04-19', 319, 6, 3),
(978, '2023-01-22', 132, 4, 5),
(979, '2023-05-12', 145, 10, 5),
(980, '2023-11-09', 27, 10, 3),
(981, '2023-06-20', 134, 4, 9),
(982, '2023-06-07', 369, 8, 8),
(983, '2023-05-16', 36, 1, 6),
(984, '2023-02-01', 16, 10, NULL),
(985, '2023-08-06', 381, 5, 5),
(986, '2023-10-27', 115, 6, 4),
(987, '2023-01-25', 346, 7, 10),
(988, '2023-05-15', 253, 5, 5),
(989, '2023-12-11', 368, 2, 10),
(990, '2023-02-21', 163, 4, 6),
(991, '2023-09-27', 160, 6, 10),
(992, '2023-08-18', 176, 1, 7),
(993, '2023-07-02', 495, 1, 8),
(994, '2023-11-02', 454, 8, 4),
(995, '2023-05-04', 56, 1, 8),
(996, '2023-03-24', 107, 7, 3),
(997, '2023-10-18', 436, 9, 10),
(998, '2023-04-27', 342, 6, 6),
(999, '2023-07-28', 372, 3, 4),
(1000, '2023-05-27', 298, 4, 1);

-- --------------------------------------------------------

--
-- Table structure for table `staff`
--

CREATE TABLE `staff` (
  `id_staff` int(11) NOT NULL,
  `nama_staff` varchar(256) DEFAULT NULL,
  `alamat_staff` varchar(256) DEFAULT NULL,
  `email_staff` varchar(256) DEFAULT NULL
) ENGINE=InnoDB DEFAULT CHARSET=utf8mb4 COLLATE=utf8mb4_general_ci;

--
-- Dumping data for table `staff`
--

INSERT INTO `staff` (`id_staff`, `nama_staff`, `alamat_staff`, `email_staff`) VALUES
(1, 'Seka', '728 Dixon Hill', 'scarnow0@nytimes.com'),
(2, 'Alida', '0181 Mitchell Avenue', 'amalim1@cyberchimps.com'),
(3, 'Laurice', '8 Bartelt Terrace', 'lfossey2@opensource.org'),
(4, 'Nichol', '326 Reinke Road', 'nbough3@tripadvisor.com'),
(5, 'Brittne', '09 Oak Way', 'bberriman4@redcross.org'),
(6, 'Darrell', '5 Corscot Pass', 'dstichall5@nhs.uk'),
(7, 'Huberto', '58 Lawn Trail', 'hvandervelde6@google.ca'),
(8, 'Garv', '39200 Maple Court', 'gmiguel7@fc2.com'),
(9, 'Theda', '49393 Summer Ridge Park', 'tdungay8@webmd.com'),
(10, 'Benetta', '64 Sycamore Street', 'bmcclounan9@theatlantic.com'),
(11, 'Murvyn', '50410 Holmberg Plaza', 'mmaccrackana@technorati.com'),
(12, 'Donaugh', '387 Anniversary Pass', 'dflagb@squidoo.com'),
(13, 'Theodora', '3 Kim Way', 'tendriccic@a8.net'),
(14, 'Townsend', '3419 Sundown Alley', 'tgusneyd@networkadvertising.org'),
(15, 'Bobine', '86831 Ohio Center', 'bpulmane@yelp.com'),
(16, 'Demetrius', '18500 East Hill', 'dmccrackemf@skype.com'),
(17, 'Aindrea', '9084 Hansons Road', 'ahuskg@epa.gov'),
(18, 'Dulciana', '285 Crest Line Point', 'debbageh@behance.net'),
(19, 'Maynard', '476 Pearson Road', 'mdelacostei@myspace.com'),
(20, 'Fawn', '0 Myrtle Road', 'fpeirpointj@hud.gov'),
(21, 'Maureene', '874 Cascade Crossing', 'mmcwhorterk@xing.com'),
(22, 'Melli', '1 Maple Pass', 'mwarriorl@chron.com'),
(23, 'Prudi', '60711 Katie Parkway', 'pbunfordm@studiopress.com'),
(24, 'Anita', '3 Killdeer Point', 'afeedhamn@1688.com'),
(25, 'Jillane', '57 Dwight Place', 'jreynaulto@hao123.com'),
(26, 'Petey', '771 Darwin Junction', 'pahernp@wordpress.com'),
(27, 'Peterus', '62 Barby Pass', 'plynessq@wunderground.com'),
(28, 'Sumner', '328 Vahlen Crossing', 'spulleyr@twitter.com'),
(29, 'Lorain', '5816 Loomis Road', 'ltailbys@yelp.com'),
(30, 'Tab', '49895 Arkansas Junction', 'tgrettont@comsenz.com'),
(31, 'Brod', '483 Northfield Drive', 'bvigneu@oracle.com'),
(32, 'Grata', '8 Dwight Road', 'gdecarolisv@themeforest.net'),
(33, 'Roby', '3944 Dexter Street', 'rcorfieldw@desdev.cn'),
(34, 'Charissa', '52986 Oak Valley Parkway', 'crimex@istockphoto.com'),
(35, 'Jamima', '93 Prentice Lane', 'jphysicy@phoca.cz'),
(36, 'Darius', '3402 Mendota Center', 'dmollittz@privacy.gov.au'),
(37, 'Koressa', '774 Vidon Point', 'kballing10@xing.com'),
(38, 'Mabel', '495 Quincy Avenue', 'mberrie11@sina.com.cn'),
(39, 'Nathanael', '4 Drewry Road', 'ncurm12@ibm.com'),
(40, 'Bank', '3721 Brickson Park Avenue', 'bbenda13@feedburner.com'),
(41, 'Hasheem', '4 Meadow Ridge Pass', 'hmayoh14@weebly.com'),
(42, 'Althea', '19 Becker Place', 'acominotti15@soundcloud.com'),
(43, 'Amitie', '32 Paget Street', 'atootin16@altervista.org'),
(44, 'Devin', '58488 Monica Avenue', 'dgrinikhin17@skyrock.com'),
(45, 'Lyn', '61649 Stuart Lane', 'lboskell18@github.io'),
(46, 'Stepha', '85 Bay Road', 'smacci19@irs.gov'),
(47, 'Leon', '56248 Old Shore Point', 'ldash1a@gov.uk'),
(48, 'Garnette', '357 Canary Avenue', 'gmacklin1b@globo.com'),
(49, 'Jeannine', '71 Maple Pass', 'jbreach1c@mit.edu'),
(50, 'Bendick', '0 Bashford Alley', 'bstiggers1d@flavors.me');

--
-- Indexes for dumped tables
--

--
-- Indexes for table `customer`
--
ALTER TABLE `customer`
  ADD PRIMARY KEY (`id_customer`);

--
-- Indexes for table `hewan`
--
ALTER TABLE `hewan`
  ADD PRIMARY KEY (`id_hewan`),
  ADD KEY `id_kategori_hewan` (`id_kategori_hewan`);

--
-- Indexes for table `kategori_hewan`
--
ALTER TABLE `kategori_hewan`
  ADD PRIMARY KEY (`id_kategori_hewan`);

--
-- Indexes for table `kategori_pakan`
--
ALTER TABLE `kategori_pakan`
  ADD PRIMARY KEY (`id_kategori_pakan`);

--
-- Indexes for table `pakan_hewan`
--
ALTER TABLE `pakan_hewan`
  ADD PRIMARY KEY (`id_pakan`),
  ADD KEY `id_kategori_pakan` (`id_kategori_pakan`);

--
-- Indexes for table `pembayaran`
--
ALTER TABLE `pembayaran`
  ADD PRIMARY KEY (`id_pembayaran`),
  ADD KEY `id_staff` (`id_staff`),
  ADD KEY `id_pemesanan` (`id_pemesanan`);

--
-- Indexes for table `pemesanan`
--
ALTER TABLE `pemesanan`
  ADD PRIMARY KEY (`id_pemesanan`),
  ADD KEY `id_customer` (`id_customer`),
  ADD KEY `id_hewan` (`id_hewan`),
  ADD KEY `id_pakan` (`id_pakan`);

--
-- Indexes for table `staff`
--
ALTER TABLE `staff`
  ADD PRIMARY KEY (`id_staff`);

--
-- Constraints for dumped tables
--

--
-- Constraints for table `hewan`
--
ALTER TABLE `hewan`
  ADD CONSTRAINT `hewan_ibfk_1` FOREIGN KEY (`id_kategori_hewan`) REFERENCES `kategori_hewan` (`id_kategori_hewan`);

--
-- Constraints for table `pakan_hewan`
--
ALTER TABLE `pakan_hewan`
  ADD CONSTRAINT `pakan_hewan_ibfk_1` FOREIGN KEY (`id_kategori_pakan`) REFERENCES `kategori_pakan` (`id_kategori_pakan`);

--
-- Constraints for table `pembayaran`
--
ALTER TABLE `pembayaran`
  ADD CONSTRAINT `pembayaran_ibfk_1` FOREIGN KEY (`id_staff`) REFERENCES `staff` (`id_staff`),
  ADD CONSTRAINT `pembayaran_ibfk_2` FOREIGN KEY (`id_pemesanan`) REFERENCES `pemesanan` (`id_pemesanan`);

--
-- Constraints for table `pemesanan`
--
ALTER TABLE `pemesanan`
  ADD CONSTRAINT `pemesanan_ibfk_1` FOREIGN KEY (`id_customer`) REFERENCES `customer` (`id_customer`),
  ADD CONSTRAINT `pemesanan_ibfk_2` FOREIGN KEY (`id_hewan`) REFERENCES `hewan` (`id_hewan`),
  ADD CONSTRAINT `pemesanan_ibfk_3` FOREIGN KEY (`id_pakan`) REFERENCES `pakan_hewan` (`id_pakan`);
COMMIT;

/*!40101 SET CHARACTER_SET_CLIENT=@OLD_CHARACTER_SET_CLIENT */;
/*!40101 SET CHARACTER_SET_RESULTS=@OLD_CHARACTER_SET_RESULTS */;
/*!40101 SET COLLATION_CONNECTION=@OLD_COLLATION_CONNECTION */;
